Employee_ID,Education_Level,Age,Years_At_Company,Monthly_Income,Performance_Score,Join_Date,Attrition,Department_Finance,Department_HR,Department_Marketing,Department_Sales,Job_Role_Accountant,Job_Role_Content Specialist,Job_Role_Finance Manager,Job_Role_Financial Analyst,Job_Role_HR Manager,Job_Role_HR Specialist,Job_Role_Marketing Analyst,Job_Role_Marketing Manager,Job_Role_QA Engineer,Job_Role_Recruiter,Job_Role_Sales Executive,Job_Role_Sales Manager,Job_Role_Senior Engineer,Job_Role_Software Engineer,Monthly_Income_Predictions,Subtraction_scaled,Pay_Flag,Attrition_Probability,Attrition_Risk_Flag,High_Potential_Flag,Segment_ID,Segment_Label
601,2,21,13,7155.17,92.0,2011-07-15,0,0,0,0,0,0,0,0,0,0,0,0,0,0,0,0,0,0,1,7034.300014873268,0.1445478249644534,Fair,0.035913978229577,Low,0,1,"Tenured Employees — Higher tenure, higher income"
737,3,30,2,5122.52,59.0,2022-09-22,0,0,0,0,1,0,0,0,0,0,0,0,0,0,0,1,0,0,0,5341.98605980579,-0.2624583891954948,Fair,0.2721781469011166,Low,0,0,"New Joiners — Lower tenure, lower income"
315,2,37,0,4578.13,80.0,2024-06-18,0,1,0,0,0,1,0,0,0,0,0,0,0,0,0,0,0,0,0,3890.552761340981,0.8222702620424592,Fair,0.4316417499385517,Medium,0,0,"New Joiners — Lower tenure, lower income"
816,2,31,0,3649.32,79.0,2024-08-15,0,0,0,0,1,0,0,0,0,0,0,0,0,0,0,0,1,0,0,3918.533805991948,-0.3219514759246207,Fair,0.2919958248169035,Low,0,0,"New Joiners — Lower tenure, lower income"
979,2,42,2,4218.21,75.0,2022-09-07,0,0,0,1,0,0,0,0,0,0,0,1,0,0,0,0,0,0,0,4335.562320767727,-0.1403410673354518,Fair,0.2542204372068243,Low,0,0,"New Joiners — Lower tenure, lower income"
10,2,31,3,5031.15,76.0,2021-09-21,0,0,0,0,1,0,0,0,0,0,0,0,0,0,0,0,0,0,0,4570.177605245911,0.5512746358038743,Fair,0.7920862682761538,High,1,0,"New Joiners — Lower tenure, lower income"
135,3,35,12,7297.6,86.0,2012-09-26,0,0,0,1,0,0,0,0,0,0,0,0,1,0,0,0,0,0,0,7449.219510376787,-0.1813210320507665,Fair,0.0601693296644695,Low,0,1,"Tenured Employees — Higher tenure, higher income"
778,2,36,0,2422.5900000000006,71.4,2024-06-13,0,0,0,0,1,0,0,0,0,0,0,0,0,0,0,0,1,0,0,3907.338449751879,-1.775603420534485,Fair,0.2865629203099948,Low,0,0,"New Joiners — Lower tenure, lower income"
410,1,21,0,2736.65,84.0,2024-06-22,0,1,0,0,0,0,0,1,0,0,0,0,0,0,0,0,0,0,0,3069.40327019543,-0.3979380108810877,Fair,0.3047306894971612,Medium,0,0,"New Joiners — Lower tenure, lower income"
413,2,25,1,3406.96,77.0,2023-08-23,1,1,0,0,0,0,0,1,0,0,0,0,0,0,0,0,0,0,0,4122.523578530081,-0.8557389892275933,Fair,0.2404719799714038,Low,0,0,"New Joiners — Lower tenure, lower income"
72,2,28,2,3296.54,38.0,2022-11-27,0,0,0,0,0,0,0,0,0,0,0,0,0,0,0,0,0,0,1,4517.44330592969,-1.460072301481705,Fair,0.2100680012384401,Low,0,0,"New Joiners — Lower tenure, lower income"
460,2,24,0,3563.54,56.0,2023-02-19,0,0,0,0,0,0,0,0,0,0,0,0,0,0,0,0,0,0,1,4089.159264739774,-0.628585511927444,Fair,0.2588751742264288,Low,0,0,"New Joiners — Lower tenure, lower income"
510,1,29,0,2590.3,97.0,2024-11-09,0,1,0,0,0,0,0,1,0,0,0,0,0,0,0,0,0,0,0,3073.749727311567,-0.5781551680450211,Fair,0.3165188327287199,Medium,0,0,"New Joiners — Lower tenure, lower income"
55,1,38,2,3663.41,60.0,2022-03-19,0,0,0,0,0,0,0,0,0,0,0,0,0,0,0,0,0,1,0,3507.544004478951,0.1863993828977811,Fair,0.4053056665577888,Medium,1,0,"New Joiners — Lower tenure, lower income"
802,2,34,4,5443.74,73.0,2020-11-24,0,0,0,1,0,0,1,0,0,0,0,0,0,0,0,0,0,0,0,4788.73349115064,0.7833190853168661,Fair,0.1499342136518965,Low,0,0,"New Joiners — Lower tenure, lower income"
714,4,21,0,6519.52,64.0,2024-03-08,0,0,1,0,0,0,0,0,0,0,1,0,0,0,0,0,0,0,0,5650.517949822822,1.0392353081789285,Fair,0.2076346809694623,Low,0,0,"New Joiners — Lower tenure, lower income"
543,2,37,2,4255.01,68.0,2022-05-22,0,0,0,0,1,0,0,0,0,0,0,0,0,0,0,0,1,0,0,4351.222082749688,-0.1150595599245382,Fair,0.2570612415053326,Low,0,0,"New Joiners — Lower tenure, lower income"
768,2,31,2,4932.27,100.0,2022-05-25,1,0,0,0,1,0,0,0,0,0,0,0,0,0,0,1,0,0,0,4538.366843254003,0.4710668615915428,Fair,0.2991751537614664,Low,1,0,"New Joiners — Lower tenure, lower income"
147,2,34,4,4764.062,69.0,2020-04-14,0,0,0,1,0,0,1,0,0,0,0,0,0,0,0,0,0,0,0,4785.194695109265,-0.0252724868831442,Fair,0.1427384669260089,Low,0,0,"New Joiners — Lower tenure, lower income"
837,3,39,3,6223.34,84.0,2021-04-12,1,0,0,0,0,0,0,0,0,0,0,0,0,1,0,0,0,0,0,5469.506958518437,0.9015052530886704,Fair,0.1646713894092115,Low,0,1,"Tenured Employees — Higher tenure, higher income"
488,3,39,4,6656.28,58.0,2020-09-21,0,0,1,0,0,0,0,0,0,0,0,0,0,0,1,0,0,0,0,5815.483912245622,1.0055039354566584,Fair,0.2647450756380985,Low,0,1,"Tenured Employees — Higher tenure, higher income"
874,2,32,1,2481.5800000000004,62.0,2023-02-07,0,0,0,0,0,0,0,0,0,0,0,0,0,0,0,0,0,1,0,4129.783953044342,-1.971079058713993,Fair,0.3272986780230033,Medium,0,0,"New Joiners — Lower tenure, lower income"
949,1,21,2,3293.4,64.0,2022-01-05,0,0,0,1,0,0,1,0,0,0,0,0,0,0,0,0,0,0,0,3505.613988228478,-0.2537856722104809,Fair,0.189059449214392,Low,0,0,"New Joiners — Lower tenure, lower income"
719,3,38,0,5076.62,78.0,2024-10-17,0,0,0,0,1,0,0,0,0,0,0,0,0,0,0,1,0,0,0,4903.854772598721,0.2066090917787411,Fair,0.3621628724759057,Medium,0,0,"New Joiners — Lower tenure, lower income"
35,2,35,1,4700.66,85.0,2023-01-17,0,0,0,1,0,0,0,0,0,0,0,0,1,0,0,0,0,0,0,4146.5146030238775,0.6626997741662393,Fair,0.3401141171656351,Medium,0,0,"New Joiners — Lower tenure, lower income"
172,2,36,1,3729.38,81.0,2023-03-21,0,0,0,1,0,0,0,0,0,0,0,1,0,0,0,0,0,0,0,4122.343518150903,-0.4699431523842381,Fair,0.2580594137186987,Low,0,0,"New Joiners — Lower tenure, lower income"
396,2,21,9,7267.35,63.0,2015-07-14,0,0,0,0,0,0,0,0,0,0,0,0,0,0,0,0,0,1,0,5931.650021870966,1.597357081174316,Fair,0.132774938254056,Low,0,1,"Tenured Employees — Higher tenure, higher income"
369,2,27,0,3651.04,80.0,2024-11-27,0,0,0,1,0,0,0,0,0,0,0,0,1,0,0,0,0,0,0,3925.352768797856,-0.3280493006442639,Fair,0.3339297359938016,Medium,0,0,"New Joiners — Lower tenure, lower income"
362,2,37,4,4259.49,71.4,2020-10-27,1,0,0,0,1,0,0,0,0,0,0,0,0,0,0,0,0,0,0,4784.634986477216,-0.6280183248693104,Fair,0.7642357138372347,High,1,0,"New Joiners — Lower tenure, lower income"
329,2,36,1,3295.63,71.0,2023-07-20,0,0,1,0,0,0,0,0,0,0,0,0,0,0,1,0,0,0,0,4318.991530835474,-1.2238330573091585,Fair,0.3499423710122168,Medium,0,0,"New Joiners — Lower tenure, lower income"
684,2,41,6,6256.33,82.0,2018-07-01,0,0,0,1,0,0,1,0,0,0,0,0,0,0,0,0,0,0,0,5238.221419362962,1.2175510798187643,Fair,0.1243940595713456,Low,0,1,"Tenured Employees — Higher tenure, higher income"
257,3,37,11,9446.36,76.4,2013-04-18,1,0,0,0,1,0,0,0,0,0,0,0,0,0,0,1,0,0,0,7366.15624405344,2.487705513405083,Underpaid,0.1027021455406842,Low,0,1,"Tenured Employees — Higher tenure, higher income"
1000,3,40,0,3992.95,51.0,2024-11-25,1,0,0,0,1,0,0,0,0,0,0,0,0,0,0,0,0,0,0,4707.32981086238,-0.8543233272545241,Fair,0.8487827481503777,High,1,0,"New Joiners — Lower tenure, lower income"
180,3,43,0,5806.0,72.0,2024-03-17,0,0,0,0,1,0,0,0,0,0,0,0,0,0,0,0,0,0,0,4723.225503822725,1.2948847324280173,Fair,0.8680674951405334,High,1,0,"New Joiners — Lower tenure, lower income"
919,1,29,0,5928.328,69.0,2024-03-07,0,0,0,0,1,0,0,0,0,0,0,0,0,0,0,1,0,0,0,3225.946345829073,3.231765023588616,Underpaid,0.5050922859517019,Medium,1,0,"New Joiners — Lower tenure, lower income"
586,2,37,2,5695.2,85.0,2022-04-10,0,0,0,1,0,0,0,0,0,0,0,0,1,0,0,0,0,0,0,4368.6189147119285,1.5864518417564155,Fair,0.3289900020900129,Medium,0,0,"New Joiners — Lower tenure, lower income"
165,2,38,8,6469.49,61.0,2016-02-11,0,0,1,0,0,0,0,0,0,0,0,0,0,0,1,0,0,0,0,5875.606667575894,0.7102221771148395,Fair,0.179338559124237,Low,1,1,"Tenured Employees — Higher tenure, higher income"
850,3,40,6,5752.89,61.0,2018-08-18,0,0,0,0,0,0,0,0,0,0,0,0,0,1,0,0,0,0,0,6119.943460106144,-0.4389574404959987,Fair,0.1060088006019954,Low,0,1,"Tenured Employees — Higher tenure, higher income"
957,2,43,0,3470.17,69.0,2024-07-17,1,0,0,0,0,0,0,0,0,0,0,0,0,0,0,0,0,1,0,3902.246260648907,-0.5167178901369843,Fair,0.4289085722276717,Medium,0,0,"New Joiners — Lower tenure, lower income"
467,2,21,3,3308.2,47.0,2023-06-12,1,0,0,0,1,0,0,0,0,0,0,0,0,0,0,0,0,0,0,4553.464621468858,-1.4892058797705363,Fair,0.752721697064758,High,1,0,"New Joiners — Lower tenure, lower income"
373,2,49,1,3544.52,73.0,2023-12-06,0,1,0,0,0,0,0,0,1,0,0,0,0,0,0,0,0,0,0,4097.520892433711,-0.6613310667729682,Fair,0.300799141437621,Medium,0,0,"New Joiners — Lower tenure, lower income"
602,2,28,1,3805.73,58.0,2023-08-25,0,0,0,0,1,0,0,0,0,0,0,0,0,0,0,0,1,0,0,4126.531082224239,-0.383644447652876,Fair,0.265045033235198,Low,0,0,"New Joiners — Lower tenure, lower income"
485,3,36,0,3663.35,78.0,2024-10-14,1,0,0,0,0,0,0,0,0,0,0,0,0,0,0,0,0,1,0,4755.466400231629,-1.306056669866974,Fair,0.3306334975533614,Medium,0,0,"New Joiners — Lower tenure, lower income"
14,3,30,2,7016.19,86.0,2022-08-27,0,0,0,0,1,0,0,0,0,0,0,0,0,0,0,0,0,0,0,5195.023502132593,2.177924121433881,Underpaid,0.8000581242163195,High,1,1,"Tenured Employees — Higher tenure, higher income"
749,3,37,0,5402.94,73.0,2024-05-03,0,0,0,0,0,0,0,0,0,0,0,0,0,0,0,0,0,1,0,4750.14857642762,0.7806700756511276,Fair,0.3815393353682433,Medium,0,0,"New Joiners — Lower tenure, lower income"
317,1,39,10,5125.66,67.4,2014-12-01,0,1,0,0,0,0,0,1,0,0,0,0,0,0,0,0,0,0,0,5277.549041008821,-0.1816433624174085,Fair,0.1086517842927218,Low,0,1,"Tenured Employees — Higher tenure, higher income"
456,2,23,0,3527.11,76.0,2024-08-06,0,0,0,0,1,0,0,0,0,0,0,0,0,0,0,0,1,0,0,3923.034338979249,-0.4734839835541773,Fair,0.2672048397263045,Low,0,0,"New Joiners — Lower tenure, lower income"
141,2,43,20,7203.27,80.0,2005-04-08,0,0,0,0,1,0,0,0,0,0,0,0,0,0,0,0,0,0,0,8369.164932534572,-1.3942880563627869,Fair,0.1898964081846339,Low,1,1,"Tenured Employees — Higher tenure, higher income"
217,4,43,8,7754.65,79.0,2016-07-16,0,0,1,0,0,0,0,0,0,0,0,0,0,0,1,0,0,0,0,7565.0547004478,0.2267360928771497,Fair,0.1220750438540641,Low,0,1,"Tenured Employees — Higher tenure, higher income"
490,1,41,0,3295.19,80.0,2024-12-13,1,0,0,1,0,0,0,0,0,0,0,1,0,0,0,0,0,0,0,3054.0966589628792,0.2883223492067888,Fair,0.3688451577719016,Medium,1,0,"New Joiners — Lower tenure, lower income"
306,2,30,0,3913.6,75.0,2024-08-24,1,0,0,0,1,0,0,0,0,0,0,0,0,0,0,1,0,0,0,4069.357758362432,-0.1862699426083497,Fair,0.3767888290677927,Medium,0,0,"New Joiners — Lower tenure, lower income"
659,2,24,4,4962.91,98.0,2020-09-18,0,0,0,0,1,0,0,0,0,0,0,0,0,0,0,0,0,0,0,4819.794253932147,0.1711514218404416,Fair,0.7211137773387927,High,1,0,"New Joiners — Lower tenure, lower income"
956,2,39,2,4966.18,68.0,2022-10-06,0,0,0,0,1,0,0,0,0,0,0,0,0,0,0,0,1,0,0,4349.433425245104,0.737564216969364,Fair,0.2780386557502151,Low,0,0,"New Joiners — Lower tenure, lower income"
583,2,35,7,4746.41,74.0,2017-12-15,0,0,0,0,0,0,0,0,0,0,0,0,0,0,0,0,0,0,1,5662.497014999195,-1.0955439876779298,Fair,0.1052085544093541,Low,0,1,"Tenured Employees — Higher tenure, higher income"
900,3,45,2,4629.46,82.0,2022-05-17,0,0,0,0,1,0,0,0,0,0,0,0,0,0,0,0,0,0,0,5178.069774806847,-0.6560797506462986,Fair,0.7979021958128799,High,1,0,"New Joiners — Lower tenure, lower income"
661,2,38,2,4009.982,64.0,2022-08-18,0,0,0,0,1,0,0,0,0,0,0,0,0,0,0,1,0,0,0,4500.257377615589,-0.5863179299116653,Fair,0.3310890333529862,Medium,0,0,"New Joiners — Lower tenure, lower income"
409,1,33,6,4193.69,63.0,2018-10-17,0,0,0,0,1,0,0,0,0,0,0,0,0,0,0,0,1,0,0,4406.950232254083,-0.2550368703315427,Fair,0.173432820225565,Low,1,0,"New Joiners — Lower tenure, lower income"
100,2,50,1,4243.07,64.0,2023-05-11,1,0,0,0,0,0,0,0,0,0,0,0,0,0,0,0,0,0,1,4296.87727845558,-0.0643478615460728,Fair,0.3096111742982193,Medium,0,0,"New Joiners — Lower tenure, lower income"
786,2,50,9,6458.52,70.0,2015-11-26,0,0,0,0,0,0,0,0,0,0,0,0,0,0,0,0,0,0,1,6093.329226058717,0.4367298632075634,Fair,0.1103233802523445,Low,0,1,"Tenured Employees — Higher tenure, higher income"
154,1,42,2,2873.64,71.0,2022-12-18,0,0,0,1,0,0,0,0,0,0,0,1,0,0,0,0,0,0,0,3493.0259775027635,-0.7407206658264512,Fair,0.2875343639889045,Low,0,0,"New Joiners — Lower tenure, lower income"
47,3,25,12,7633.42,55.0,2012-02-08,0,0,1,0,0,0,0,0,0,1,0,0,0,0,0,0,0,0,0,7486.696426808586,0.1754660046792805,Fair,0.057710468590586,Low,0,1,"Tenured Employees — Higher tenure, higher income"
5,3,56,2,5659.42,80.0,2024-07-25,1,0,0,0,1,0,0,0,0,0,0,0,0,0,0,0,1,0,0,5183.843771803863,0.5687392889018115,Fair,0.2756901190141695,Low,0,0,"New Joiners — Lower tenure, lower income"
173,3,38,2,4876.5,58.0,2022-07-07,0,0,0,0,1,0,0,0,0,0,0,0,0,0,0,0,1,0,0,5180.478311117548,-0.3635261778376072,Fair,0.2247705042231235,Low,0,0,"New Joiners — Lower tenure, lower income"
966,2,30,7,6996.87,77.0,2017-08-07,0,0,0,0,1,0,0,0,0,0,0,0,0,0,0,1,0,0,0,5638.37794073156,1.6246140197075687,Fair,0.1836369372591781,Low,1,1,"Tenured Employees — Higher tenure, higher income"
927,2,42,0,4490.99,57.0,2024-05-17,1,0,0,1,0,0,1,0,0,0,0,0,0,0,0,0,0,0,0,3871.851800196272,0.7404243496861568,Fair,0.2884189764800805,Low,0,0,"New Joiners — Lower tenure, lower income"
223,1,44,0,2784.64,80.0,2024-04-08,0,0,0,0,1,0,0,0,0,0,0,0,0,0,0,1,0,0,0,3222.2631036584817,-0.5233513326050433,Fair,0.4667107147380477,Medium,0,0,"New Joiners — Lower tenure, lower income"
998,2,43,0,4061.57,87.0,2024-10-23,0,0,0,0,1,0,0,0,0,0,0,0,0,0,0,0,0,0,0,3897.498441754291,0.1962123752896925,Fair,0.8738410998722702,High,1,0,"New Joiners — Lower tenure, lower income"
260,2,31,1,4066.44,73.0,2023-08-01,0,0,0,0,0,0,0,0,0,0,0,0,0,1,0,0,0,0,0,4180.146413814131,-0.1359809450138304,Fair,0.2206809951547336,Low,0,0,"New Joiners — Lower tenure, lower income"
559,4,27,10,8586.79,80.0,2014-06-06,0,0,0,0,1,0,0,0,0,0,0,0,0,0,0,0,1,0,0,7839.92060638498,0.8931774606108973,Fair,0.0526234382340771,Low,0,1,"Tenured Employees — Higher tenure, higher income"
233,2,42,5,4501.98,77.0,2019-05-10,0,0,0,0,1,0,0,0,0,0,0,0,0,0,0,0,1,0,0,5026.391637659226,-0.6271413165990648,Fair,0.1741283267542782,Low,0,0,"New Joiners — Lower tenure, lower income"
109,2,47,1,4961.88,54.0,2023-06-22,1,1,0,0,0,1,0,0,0,0,0,0,0,0,0,0,0,0,0,4082.500268741764,1.0516459263060742,Fair,0.4582210569748033,Medium,0,0,"New Joiners — Lower tenure, lower income"
855,2,31,1,4300.904,82.0,2023-03-13,0,0,0,0,0,0,0,0,0,0,0,0,0,0,0,0,0,1,0,4148.372262003507,0.1824119606064614,Fair,0.3502822648759224,Medium,0,0,"New Joiners — Lower tenure, lower income"
981,3,48,0,4435.48,91.0,2024-05-20,0,0,0,1,0,0,1,0,0,0,0,0,0,0,0,0,0,0,0,4735.563141257798,-0.3588679632237516,Fair,0.2228794717776583,Low,0,0,"New Joiners — Lower tenure, lower income"
99,3,41,6,5579.88,78.0,2021-01-06,0,0,0,0,1,0,0,0,0,0,0,0,0,0,0,1,0,0,0,6244.529601497652,-0.7948512127245076,Fair,0.1691408596104676,Low,0,1,"Tenured Employees — Higher tenure, higher income"
766,3,29,2,5924.22,50.0,2022-07-12,1,0,1,0,0,0,0,0,0,1,0,0,0,0,0,0,0,0,0,5239.765924821359,0.8185352860877281,Fair,0.2649011318344983,Low,0,0,"New Joiners — Lower tenure, lower income"
834,3,28,0,5443.1,79.0,2024-06-16,0,0,0,0,0,0,0,0,0,0,0,0,0,0,0,0,0,0,1,4944.927574192103,0.5957619712809177,Fair,0.2356825559193661,Low,0,0,"New Joiners — Lower tenure, lower income"
221,1,28,7,4989.51,70.0,2017-10-13,0,1,0,0,0,0,0,0,1,0,0,0,0,0,0,0,0,0,0,4618.007967133019,0.4442774669368152,Fair,0.1390768992580931,Low,1,1,"Tenured Employees — Higher tenure, higher income"
358,1,25,8,5999.14,74.0,2016-02-13,0,0,0,0,0,0,0,0,0,0,0,0,0,0,0,0,0,1,0,4874.913879559358,1.3444565274624185,Fair,0.1809657094644204,Low,0,1,"Tenured Employees — Higher tenure, higher income"
972,3,36,2,5678.76,70.0,2022-02-05,0,0,0,0,0,0,0,0,0,0,0,0,0,0,0,0,0,0,1,5377.596591465946,0.3601598495841194,Fair,0.2027209747126818,Low,0,0,"New Joiners — Lower tenure, lower income"
25,2,29,8,5688.87,70.0,2016-06-19,0,0,0,0,1,0,0,0,0,0,0,0,0,0,0,1,0,0,0,5856.97234560408,-0.2010327742078837,Fair,0.1408415119984648,Low,0,1,"Tenured Employees — Higher tenure, higher income"
993,2,44,1,3872.68,71.0,2023-05-14,1,0,0,0,0,0,0,0,0,0,0,0,0,0,0,0,0,0,1,4308.436144041735,-0.521118644716365,Fair,0.2767701205114871,Low,0,0,"New Joiners — Lower tenure, lower income"
682,1,24,0,2277.6500000000005,60.0,2024-01-09,0,0,0,0,0,0,0,0,0,0,0,0,0,1,0,0,0,0,0,3112.01511152948,-0.9978131623939128,Fair,0.2641683411680193,Low,0,0,"New Joiners — Lower tenure, lower income"
385,2,32,1,3441.67,84.0,2023-11-18,0,0,0,0,1,0,0,0,0,0,0,0,0,0,0,0,0,0,0,4128.5749301911,-0.8214662516287808,Fair,0.8213208809895883,High,1,0,"New Joiners — Lower tenure, lower income"
95,2,38,0,3512.89,70.0,2024-10-03,1,1,0,0,0,0,0,1,0,0,0,0,0,0,0,0,0,0,0,3880.811442485252,-0.439995456384526,Fair,0.3260949931580426,Medium,0,0,"New Joiners — Lower tenure, lower income"
771,2,21,1,4517.51,83.0,2023-07-22,0,0,0,1,0,0,0,0,0,0,0,0,1,0,0,0,0,0,0,4157.26580753527,0.4308142705755665,Fair,0.2915869625967675,Low,0,0,"New Joiners — Lower tenure, lower income"
452,2,45,7,4285.51,40.0,2017-04-03,0,0,0,0,0,0,0,0,0,0,0,0,0,0,0,0,0,1,0,5442.052116192797,-1.383103068972593,Fair,0.2029872033877318,Low,0,0,"New Joiners — Lower tenure, lower income"
26,3,34,1,3541.41,77.0,2023-12-12,0,0,0,0,0,0,0,0,0,0,0,0,0,0,0,0,0,0,1,5161.685172850301,-1.9376791668655244,Fair,0.1869443812015531,Low,0,0,"New Joiners — Lower tenure, lower income"
114,3,45,1,5817.87,95.0,2022-06-26,0,1,0,0,0,1,0,0,0,0,0,0,0,0,0,0,0,0,0,4959.559132894028,1.0264497745526986,Fair,0.3625664154697812,Medium,0,0,"New Joiners — Lower tenure, lower income"
126,4,28,0,6601.62,65.0,2024-01-12,0,0,0,0,1,0,0,0,0,0,0,0,0,0,0,0,0,0,0,5569.445089258279,1.2343729353003547,Fair,0.8131810957297166,High,1,0,"New Joiners — Lower tenure, lower income"
61,2,56,0,2881.73,61.0,2024-12-02,1,0,0,1,0,0,0,0,0,0,0,0,1,0,0,0,0,0,0,3882.6079537848736,-1.19694505730918,Fair,0.435893443964744,Medium,0,0,"New Joiners — Lower tenure, lower income"
434,3,28,3,4855.43,79.0,2021-11-25,0,0,1,0,0,0,0,0,0,1,0,0,0,0,0,0,0,0,0,5490.209494066252,-0.7591296971130312,Fair,0.1896675111534465,Low,0,0,"New Joiners — Lower tenure, lower income"
296,3,29,5,7022.31,70.0,2019-05-10,0,0,0,0,0,0,0,0,0,0,0,0,0,1,0,0,0,0,0,5913.850398281809,1.3256014247154289,Fair,0.118125609684048,Low,0,1,"Tenured Employees — Higher tenure, higher income"
245,2,41,0,3712.146,100.0,2024-03-20,0,0,0,1,0,0,1,0,0,0,0,0,0,0,0,0,0,0,0,3910.788186393343,-0.2375552206714947,Fair,0.2367592752345174,Low,0,0,"New Joiners — Lower tenure, lower income"
681,4,52,4,8960.84,90.0,2020-06-26,1,0,1,0,0,0,0,0,0,0,0,0,0,0,1,0,0,0,0,6671.165554020421,2.738210488700058,Underpaid,0.269214237289001,Low,0,1,"Tenured Employees — Higher tenure, higher income"
76,2,21,2,4903.51,87.0,2022-07-03,1,1,0,0,0,1,0,0,0,0,0,0,0,0,0,0,0,0,0,4358.840852835318,0.6513671732924381,Fair,0.2919151155240366,Low,0,0,"New Joiners — Lower tenure, lower income"
899,2,25,6,2901.76,73.0,2023-08-25,0,0,0,0,1,0,0,0,0,0,0,0,0,0,0,1,0,0,0,5415.417819259008,-3.006071111019123,Overpaid,0.1411051429086417,Low,0,0,"New Joiners — Lower tenure, lower income"
427,1,25,3,5100.42,97.0,2021-10-26,0,0,0,0,0,0,0,0,0,0,0,0,0,0,0,0,0,1,0,3775.797110834092,1.5841100445764482,Fair,0.3189317679607018,Medium,1,0,"New Joiners — Lower tenure, lower income"
716,1,30,2,3888.19,67.0,2022-12-27,0,0,1,0,0,0,0,0,0,1,0,0,0,0,0,0,0,0,0,3575.916384797732,0.3734464914837779,Fair,0.3328784843315333,Medium,1,0,"New Joiners — Lower tenure, lower income"
418,2,32,5,6136.66,88.0,2019-09-23,0,0,0,0,1,0,0,0,0,0,0,0,0,0,0,0,0,0,0,5027.685603003013,1.3262170658754229,Fair,0.7407281694031002,High,1,1,"Tenured Employees — Higher tenure, higher income"
910,2,44,2,3936.0300000000007,64.0,2022-02-15,0,0,0,0,1,0,0,0,0,0,0,0,0,0,0,0,1,0,0,4341.422985442272,-0.4848074916207353,Fair,0.2741763429972227,Low,0,0,"New Joiners — Lower tenure, lower income"
390,3,33,0,4200.99,64.0,2024-02-25,0,0,0,1,0,0,0,0,0,0,0,0,1,0,0,0,0,0,0,4744.829159342196,-0.6503745949086359,Fair,0.3153105163203196,Medium,0,0,"New Joiners — Lower tenure, lower income"
54,3,26,3,5569.77,75.0,2021-10-23,0,1,0,0,0,1,0,0,0,0,0,0,0,0,0,0,0,0,0,5406.64333736596,0.1950823792419392,Fair,0.2355958477192913,Low,0,0,"New Joiners — Lower tenure, lower income"
844,2,21,5,5051.16,66.0,2019-10-21,0,0,1,0,0,0,0,0,0,0,0,0,0,0,1,0,0,0,0,5223.554843838664,-0.2061661518849166,Fair,0.1995504317261002,Low,0,0,"New Joiners — Lower tenure, lower income"
351,2,25,0,3603.93,80.0,2024-08-09,0,1,0,0,0,1,0,0,0,0,0,0,0,0,0,0,0,0,0,3901.284706368478,-0.3556050412634749,Fair,0.3629157044164706,Medium,0,0,"New Joiners — Lower tenure, lower income"
472,2,44,1,4143.85,67.0,2023-04-02,1,0,0,0,1,0,0,0,0,0,0,0,0,0,0,1,0,0,0,4273.6525329402375,-0.155230215274002,Fair,0.3961127068797945,Medium,0,0,"New Joiners — Lower tenure, lower income"
532,4,52,2,7035.25,75.0,2022-08-09,0,0,0,0,1,0,0,0,0,0,0,0,0,0,0,0,0,0,0,6004.61412769199,1.2325324067531205,Fair,0.8128039796986493,High,0,1,"Tenured Employees — Higher tenure, higher income"
644,1,36,16,6919.47,74.0,2008-06-14,0,0,0,0,1,0,0,0,0,0,0,0,0,0,0,1,0,0,0,6806.3970466969,0.1352233926820887,Fair,0.0580011768418146,Low,0,1,"Tenured Employees — Higher tenure, higher income"
404,3,27,0,4935.97,51.0,2024-02-22,1,0,0,1,0,0,0,0,0,0,0,0,1,0,0,0,0,0,0,4738.6940447214765,0.2359213515530476,Fair,0.3237516970926844,Medium,0,0,"New Joiners — Lower tenure, lower income"
907,1,21,0,3354.65,73.0,2024-06-16,0,0,0,0,0,0,0,0,0,0,0,0,0,1,0,0,0,0,0,3126.1991849208225,0.2732032141513715,Fair,0.2679916545903952,Low,0,0,"New Joiners — Lower tenure, lower income"
493,2,39,4,4749.94,60.0,2020-06-04,0,1,0,0,0,0,0,1,0,0,0,0,0,0,0,0,0,0,0,4766.642000400061,-0.0199738407169733,Fair,0.2160861959558952,Low,0,0,"New Joiners — Lower tenure, lower income"
376,2,23,1,3106.69,69.0,2024-12-15,1,0,1,0,0,0,0,0,0,0,0,0,0,0,1,0,0,0,0,4328.848406594575,-1.4615732702377642,Fair,0.3037282667865095,Medium,0,0,"New Joiners — Lower tenure, lower income"
913,2,21,4,4226.73,77.0,2020-09-04,0,0,0,1,0,0,0,0,0,0,0,0,1,0,0,0,0,0,0,4823.636521051111,-0.7138375936306328,Fair,0.188717268815805,Low,0,0,"New Joiners — Lower tenure, lower income"
511,4,31,0,5156.98,67.0,2024-03-03,0,0,0,0,1,0,0,0,0,0,0,0,0,0,0,1,0,0,0,5739.380931974569,-0.6964904304896438,Fair,0.2851833052288574,Low,0,0,"New Joiners — Lower tenure, lower income"
98,2,30,2,3410.34,63.0,2022-10-18,0,1,0,0,0,0,0,0,1,0,0,0,0,0,0,0,0,0,0,4329.559117816447,-1.099289654141974,Fair,0.2149262209368979,Low,0,0,"New Joiners — Lower tenure, lower income"
286,2,29,0,3085.05,54.0,2024-04-27,1,0,0,1,0,0,0,0,0,0,0,1,0,0,0,0,0,0,0,3880.823976945029,-0.9516622129977992,Fair,0.2811515067636775,Low,0,0,"New Joiners — Lower tenure, lower income"
783,3,30,4,4728.2,83.0,2024-04-25,1,0,0,0,1,0,0,0,0,0,0,0,0,0,0,1,0,0,0,5811.004774439309,-1.294920942053724,Fair,0.1831362814279983,Low,0,0,"New Joiners — Lower tenure, lower income"
740,3,37,1,4004.028,71.0,2023-08-12,0,1,0,0,0,0,0,1,0,0,0,0,0,0,0,0,0,0,0,4945.48098666411,-1.125879029321469,Fair,0.235445639383167,Low,0,0,"New Joiners — Lower tenure, lower income"
499,1,25,6,4743.11,80.0,2018-10-06,0,0,0,0,0,0,0,0,0,0,0,0,0,0,0,0,0,1,0,4432.436135236152,0.3715333577465879,Fair,0.2152635393896067,Low,1,1,"Tenured Employees — Higher tenure, higher income"
781,2,21,2,4145.89,75.0,2022-06-19,0,1,0,0,0,0,0,1,0,0,0,0,0,0,0,0,0,0,0,4348.224464711195,-0.2419707982811827,Fair,0.2123076011329817,Low,0,0,"New Joiners — Lower tenure, lower income"
18,2,34,7,5312.33,84.0,2017-04-11,0,1,0,0,0,0,0,0,1,0,0,0,0,0,0,0,0,0,0,5464.025327987671,-0.1814117019613797,Fair,0.1140712830283442,Low,0,1,"Tenured Employees — Higher tenure, higher income"
197,2,25,2,4804.95,69.0,2022-06-12,0,1,0,0,0,0,0,0,1,0,0,0,0,0,0,0,0,0,0,4339.338955639965,0.5568219742155458,Fair,0.2236191577385547,Low,0,0,"New Joiners — Lower tenure, lower income"
27,1,51,5,4654.12,72.0,2019-01-24,0,1,0,0,0,1,0,0,0,0,0,0,0,0,0,0,0,0,0,4151.421865465733,0.6011742442462313,Fair,0.3401628078958268,Medium,0,0,"New Joiners — Lower tenure, lower income"
729,3,30,2,4036.99,63.0,2022-08-27,0,0,1,0,0,0,0,0,0,1,0,0,0,0,0,0,0,0,0,5250.372683203535,-1.4510784254892146,Fair,0.2210174618831647,Low,0,0,"New Joiners — Lower tenure, lower income"
744,4,33,3,5132.78,39.0,2024-10-16,0,0,0,0,1,0,0,0,0,0,0,0,0,0,0,0,0,0,0,6213.6501788057885,-1.2926073685828756,Fair,0.7165649700440879,High,1,0,"New Joiners — Lower tenure, lower income"
345,2,39,0,2448.96,87.0,2024-04-20,0,0,0,0,0,0,0,0,0,0,0,0,0,0,0,0,0,0,1,4103.170002776057,-1.9782616642586,Fair,0.2563378445980224,Low,0,0,"New Joiners — Lower tenure, lower income"
703,3,35,6,4741.72,65.0,2018-04-06,0,0,0,1,0,0,1,0,0,0,0,0,0,0,0,0,0,0,0,6067.545055924456,-1.585547709932412,Fair,0.0803498956369604,Low,0,0,"New Joiners — Lower tenure, lower income"
190,3,36,2,5909.95,95.0,2020-05-03,0,0,0,0,1,0,0,0,0,0,0,0,0,0,0,1,0,0,0,5368.469251664415,0.6475541827027395,Fair,0.2792213175371603,Low,0,0,"New Joiners — Lower tenure, lower income"
743,2,44,3,3017.63,73.8,2021-01-26,0,0,0,0,0,0,0,0,0,0,0,0,0,1,0,0,0,0,0,4617.013837627887,-1.912695321092424,Fair,0.1743184215322364,Low,0,0,"New Joiners — Lower tenure, lower income"
971,3,26,11,6364.49,71.0,2013-08-05,0,0,0,0,0,0,0,0,0,0,0,0,0,0,0,0,0,1,0,7221.039455801116,-1.0243433113747822,Fair,0.0689749920465178,Low,0,1,"Tenured Employees — Higher tenure, higher income"
271,1,39,4,4892.35,76.0,2020-11-13,0,0,0,0,1,0,0,0,0,0,0,0,0,0,0,0,1,0,0,3965.299408489534,1.1086552752889447,Fair,0.2552956172346449,Low,1,0,"New Joiners — Lower tenure, lower income"
327,4,49,9,9252.24,52.0,2015-07-11,1,0,0,0,1,0,0,0,0,0,0,0,0,0,0,0,0,0,0,7554.199821059399,2.030677957896353,Underpaid,0.6078906886385403,High,1,1,"Tenured Employees — Higher tenure, higher income"
807,3,28,0,5213.31,81.0,2024-02-13,0,0,0,1,0,0,0,0,0,0,0,1,0,0,0,0,0,0,0,4744.60272620019,0.5605247398826488,Fair,0.244466844048078,Low,0,0,"New Joiners — Lower tenure, lower income"
813,1,36,1,3350.23,48.0,2023-10-25,1,0,0,0,1,0,0,0,0,0,0,0,0,0,0,0,1,0,0,3271.5319148788813,0.0941146556872478,Fair,0.3520492296431484,Medium,1,0,"New Joiners — Lower tenure, lower income"
779,2,31,0,2858.12,88.0,2024-02-08,0,0,1,0,0,0,0,0,0,1,0,0,0,0,0,0,0,0,0,3984.8123441009775,-1.3474058722944182,Fair,0.3108565855289997,Medium,0,0,"New Joiners — Lower tenure, lower income"
796,3,40,4,6735.44,84.0,2020-02-14,0,0,0,0,1,0,0,0,0,0,0,0,0,0,0,0,0,0,0,5632.096754974261,1.3194827987318076,Fair,0.7578899362716718,High,1,1,"Tenured Employees — Higher tenure, higher income"
352,1,33,7,4546.1,46.0,2017-08-09,0,0,1,0,0,0,0,0,0,1,0,0,0,0,0,0,0,0,0,4674.119565286811,-0.1530979729640972,Fair,0.1924026922793777,Low,1,0,"New Joiners — Lower tenure, lower income"
386,2,26,1,3938.5300000000007,51.0,2023-11-06,1,0,0,0,0,0,0,0,0,0,0,0,0,0,0,0,0,0,1,4306.840081376107,-0.4404602277362451,Fair,0.2406698173176607,Low,0,0,"New Joiners — Lower tenure, lower income"
753,2,42,0,4283.25,79.0,2024-03-04,0,0,0,0,0,0,0,0,0,0,0,0,0,1,0,0,0,0,0,3951.7240224083534,0.3964702976495042,Fair,0.2876427250831326,Low,0,0,"New Joiners — Lower tenure, lower income"
792,1,30,6,4985.44,93.0,2018-07-04,0,0,0,0,0,0,0,0,0,0,0,0,0,0,0,0,0,0,1,4620.887423540959,0.4359666459550805,Fair,0.1443553580671308,Low,1,1,"Tenured Employees — Higher tenure, higher income"
732,3,32,6,6008.74,61.0,2018-01-21,0,0,0,0,0,0,0,0,0,0,0,0,0,0,0,0,0,1,0,6087.361647220759,-0.0940232439754787,Fair,0.1718674385382164,Low,0,1,"Tenured Employees — Higher tenure, higher income"
263,2,37,0,3775.87,76.0,2024-02-26,0,0,0,1,0,0,0,0,0,0,0,1,0,0,0,0,0,0,0,3893.1327251542593,-0.1402339203788311,Fair,0.3039239035798338,Medium,0,0,"New Joiners — Lower tenure, lower income"
841,1,33,0,2756.01,75.0,2024-08-01,0,0,0,0,0,0,0,0,0,0,0,0,0,1,0,0,0,0,0,3117.2366379140126,-0.4319891722907526,Fair,0.2901546409054157,Low,0,0,"New Joiners — Lower tenure, lower income"
169,2,50,4,5670.02,64.0,2020-01-14,0,0,0,0,0,0,0,0,0,0,0,0,0,0,0,0,0,0,1,4968.556186033483,0.8388771496398995,Fair,0.2295359645856023,Low,0,1,"Tenured Employees — Higher tenure, higher income"
650,2,32,5,5979.48,53.0,2019-08-09,0,0,0,1,0,0,0,0,0,0,0,0,1,0,0,0,0,0,0,5016.459097720291,1.1516719942828113,Fair,0.2322305916604626,Low,1,1,"Tenured Employees — Higher tenure, higher income"
563,2,44,0,4205.86,92.0,2024-02-16,0,0,0,1,0,0,0,0,0,0,0,1,0,0,0,0,0,0,0,3901.027608053719,0.3645475689299275,Fair,0.3233422069806378,Medium,0,0,"New Joiners — Lower tenure, lower income"
660,2,35,16,7428.22,73.0,2008-07-27,0,1,0,0,0,0,0,0,1,0,0,0,0,0,0,0,0,0,0,7468.4360328553075,-0.0480941573033086,Fair,0.0307119613565339,Low,0,1,"Tenured Employees — Higher tenure, higher income"
730,3,26,1,4293.99,71.0,2023-04-13,0,0,0,1,0,0,0,0,0,0,0,1,0,0,0,0,0,0,0,4961.437362793969,-0.7981970417963689,Fair,0.1968122606431888,Low,0,0,"New Joiners — Lower tenure, lower income"
554,2,36,5,4584.35,64.0,2019-09-07,0,1,0,0,0,1,0,0,0,0,0,0,0,0,0,0,0,0,0,4996.756751890944,-0.4931952206661322,Fair,0.23774086361649,Low,0,0,"New Joiners — Lower tenure, lower income"
307,3,33,6,5149.56,59.0,2018-12-23,1,0,0,0,1,0,0,0,0,0,0,0,0,0,0,0,0,0,0,6064.025519366976,-1.0936048489696648,Fair,0.642522981053985,High,1,1,"Tenured Employees — Higher tenure, higher income"
926,2,38,4,4488.74,74.0,2020-04-27,0,0,0,0,0,0,0,0,0,0,0,0,0,0,0,0,0,1,0,4806.71327623262,-0.3802626882766224,Fair,0.2645285471696222,Low,0,0,"New Joiners — Lower tenure, lower income"
962,2,30,1,4966.99,53.0,2023-05-06,0,0,0,0,0,0,0,0,0,0,0,0,0,0,0,0,0,0,1,4305.032164387629,0.7916321430470948,Fair,0.271876874165012,Low,0,0,"New Joiners — Lower tenure, lower income"
758,2,31,4,4593.37,85.0,2020-08-02,0,0,0,0,0,0,0,0,0,0,0,0,0,0,0,0,0,1,0,4822.705266612442,-0.2742609254209289,Fair,0.2385169647140466,Low,0,0,"New Joiners — Lower tenure, lower income"
897,2,21,0,4477.65,61.0,2024-09-15,0,0,0,0,0,0,0,0,0,0,0,0,0,1,0,0,0,0,0,3954.580344020287,0.6255364472618804,Fair,0.2432502922178292,Low,0,0,"New Joiners — Lower tenure, lower income"
791,2,52,4,7384.53,66.0,2014-08-02,0,1,0,0,0,0,0,1,0,0,0,0,0,0,0,0,0,0,0,4760.323920682335,3.1382752353791057,Underpaid,0.3035749247370266,Medium,0,1,"Tenured Employees — Higher tenure, higher income"
642,2,28,7,6092.238,72.0,2017-04-26,1,0,0,0,0,0,0,0,0,0,0,0,0,0,0,0,0,0,1,5666.987918244548,0.50855449613282,Fair,0.1096580830146552,Low,0,1,"Tenured Employees — Higher tenure, higher income"
503,3,30,4,4860.54,69.0,2020-03-26,0,0,0,0,0,0,0,0,0,0,0,0,0,0,0,0,0,1,0,5648.441958422823,-0.9422481044887944,Fair,0.2005682276102411,Low,0,0,"New Joiners — Lower tenure, lower income"
309,2,31,0,4045.58,92.0,2024-12-06,0,1,0,0,0,1,0,0,0,0,0,0,0,0,0,0,0,0,0,3906.5351219788536,0.1662830906227965,Fair,0.3844254249003135,Medium,0,0,"New Joiners — Lower tenure, lower income"
111,3,29,4,5114.43,68.0,2024-12-20,0,0,1,0,0,0,0,0,0,1,0,0,0,0,0,0,0,0,0,5703.476445392813,-0.7044377675342539,Fair,0.1745676858337312,Low,0,0,"New Joiners — Lower tenure, lower income"
526,2,30,0,4613.56,66.0,2024-01-05,0,0,0,0,1,0,0,0,0,0,0,0,0,0,0,0,1,0,0,3907.927047609772,0.8438630019215166,Fair,0.3216703382669518,Medium,0,0,"New Joiners — Lower tenure, lower income"
870,3,37,0,3732.712,95.0,2024-08-09,1,0,0,0,1,0,0,0,0,0,0,0,0,0,0,0,1,0,0,4766.320564867287,-1.2360874352681062,Fair,0.2411871904651892,Low,0,0,"New Joiners — Lower tenure, lower income"
58,4,42,1,5640.02,66.0,2023-08-23,1,0,1,0,0,0,0,0,0,0,0,0,0,0,1,0,0,0,0,5987.197157717184,-0.4151874675316812,Fair,0.2990185683606144,Low,0,0,"New Joiners — Lower tenure, lower income"
651,2,32,2,3548.07,76.0,2022-01-02,0,0,1,0,0,0,0,0,0,0,0,0,0,0,1,0,0,0,0,4550.885310088992,-1.199261932252515,Fair,0.2973169670804041,Low,0,0,"New Joiners — Lower tenure, lower income"
7,3,41,0,5343.6,61.0,2024-08-12,0,1,0,0,0,0,0,1,0,0,0,0,0,0,0,0,0,0,0,4709.163712358873,0.7587192582252171,Fair,0.3217330976758493,Medium,0,0,"New Joiners — Lower tenure, lower income"
967,2,38,6,5226.84,47.0,2018-04-23,0,0,0,0,0,0,0,0,0,0,0,0,0,0,0,0,0,0,1,5412.034186270406,-0.2214728229955624,Fair,0.1480540897020205,Low,0,1,"Tenured Employees — Higher tenure, higher income"
139,2,37,1,4781.47,74.0,2023-05-01,0,0,1,0,0,0,0,0,0,1,0,0,0,0,0,0,0,0,0,4190.953554635053,0.7061957333224289,Fair,0.3474373225141212,Medium,0,0,"New Joiners — Lower tenure, lower income"
164,2,28,5,4399.43,74.0,2019-07-12,0,0,0,0,0,0,0,0,0,0,0,0,0,0,0,0,0,0,1,5220.971377879967,-0.982477321945045,Fair,0.1290557813469084,Low,0,0,"New Joiners — Lower tenure, lower income"
359,2,33,0,3986.88,48.0,2024-01-17,0,1,0,0,0,0,0,1,0,0,0,0,0,0,0,0,0,0,0,3865.819708019148,0.1447754120019641,Fair,0.339667995568841,Medium,0,0,"New Joiners — Lower tenure, lower income"
839,1,38,0,3077.86,82.0,2024-11-11,0,0,0,0,1,0,0,0,0,0,0,0,0,0,0,0,1,0,0,3075.9300545333504,0.0023080123589968,Fair,0.364836070559402,Medium,1,0,"New Joiners — Lower tenure, lower income"
44,1,23,2,2704.85,80.0,2022-03-06,1,1,0,0,0,1,0,0,0,0,0,0,0,0,0,0,0,0,0,3511.861755034741,-0.9651014169374524,Fair,0.3170934690249054,Medium,0,0,"New Joiners — Lower tenure, lower income"
616,2,33,8,7094.9,85.0,2016-03-03,0,0,0,0,0,0,0,0,0,0,0,0,0,1,0,0,0,0,0,5756.224928782113,1.6009149804708989,Fair,0.0940619074166059,Low,1,1,"Tenured Employees — Higher tenure, higher income"
64,2,37,1,5088.4,81.0,2023-08-14,0,0,0,0,1,0,0,0,0,0,0,0,0,0,0,0,0,0,0,4121.449189398612,1.1563717524536483,Fair,0.8570057786243567,High,1,0,"New Joiners — Lower tenure, lower income"
592,2,35,1,4195.57,80.0,2023-06-25,1,0,1,0,0,0,0,0,0,1,0,0,0,0,0,0,0,0,0,4198.050406201697,-0.0029663056639557,Fair,0.3213905296955199,Medium,0,0,"New Joiners — Lower tenure, lower income"
587,3,29,2,6011.45,67.0,2022-07-16,0,0,0,1,0,0,0,0,0,0,0,0,1,0,0,0,0,0,0,5198.846509767663,0.9717885457539436,Fair,0.2634619409662918,Low,0,0,"New Joiners — Lower tenure, lower income"
39,1,43,11,5338.26,63.0,2013-06-07,0,0,0,0,0,0,0,0,0,0,0,0,0,0,0,0,0,1,0,5520.763180482234,-0.2182546623145693,Fair,0.1385982269337602,Low,0,1,"Tenured Employees — Higher tenure, higher income"
400,1,40,5,5263.684,81.0,2019-06-13,0,0,0,0,0,0,0,0,0,0,0,0,0,1,0,0,0,0,0,4235.749376673206,1.2293019962875873,Fair,0.1855288271874139,Low,1,1,"Tenured Employees — Higher tenure, higher income"
787,2,24,3,4064.364,70.0,2021-11-18,0,0,0,1,0,0,0,0,0,0,0,1,0,0,0,0,0,0,0,4571.129712449889,-0.6060386408121786,Fair,0.1773084577535755,Low,0,0,"New Joiners — Lower tenure, lower income"
889,3,55,4,5430.78,62.0,2020-10-08,0,1,0,0,0,1,0,0,0,0,0,0,0,0,0,0,0,0,0,5593.099685607674,-0.1941173193568461,Fair,0.2916259397214694,Low,0,0,"New Joiners — Lower tenure, lower income"
984,2,33,3,5403.57,57.0,2021-07-13,1,0,0,0,0,0,0,0,0,0,0,0,0,0,0,0,0,0,1,4753.673912557398,0.7772075573124227,Fair,0.216991850905674,Low,0,0,"New Joiners — Lower tenure, lower income"
205,3,38,3,6313.86,61.0,2021-05-21,0,0,0,0,1,0,0,0,0,0,0,0,0,0,0,0,1,0,0,5407.025377341213,1.084479096860565,Fair,0.2171277287467063,Low,0,1,"Tenured Employees — Higher tenure, higher income"
421,2,31,4,5376.78,67.0,2020-11-21,0,0,0,0,1,0,0,0,0,0,0,0,0,0,0,0,1,0,0,4803.489294638361,0.6855955549715279,Fair,0.1973477911766568,Low,0,0,"New Joiners — Lower tenure, lower income"
961,1,41,3,2981.51,67.0,2021-01-06,0,0,0,1,0,0,1,0,0,0,0,0,0,0,0,0,0,0,0,3714.274479406314,-0.8763094625877224,Fair,0.2002342356573769,Low,0,0,"New Joiners — Lower tenure, lower income"
863,3,41,2,4123.68,68.0,2022-03-04,1,1,0,0,0,1,0,0,0,0,0,0,0,0,0,0,0,0,0,5163.142543816548,-1.2430881801065872,Fair,0.2911800536435898,Low,0,0,"New Joiners — Lower tenure, lower income"
285,1,40,13,4143.54,74.0,2011-02-13,1,0,0,0,1,0,0,0,0,0,0,0,0,0,0,0,1,0,0,5977.672404450264,-2.193429985799458,Overpaid,0.0564291073318496,Low,0,1,"Tenured Employees — Higher tenure, higher income"
453,4,39,0,4858.684,65.0,2024-01-18,0,0,1,0,0,0,0,0,0,0,1,0,0,0,0,0,0,0,0,5635.304731291919,-0.9287569400529556,Fair,0.2229866925832305,Low,0,0,"New Joiners — Lower tenure, lower income"
789,1,33,10,5458.09,91.0,2014-09-06,0,0,0,1,0,0,0,0,0,0,0,0,1,0,0,0,0,0,0,5329.650630100643,0.1536000152501958,Fair,0.1165652075803954,Low,1,1,"Tenured Employees — Higher tenure, higher income"
497,1,32,3,4181.01,51.0,2021-01-26,0,0,0,0,1,0,0,0,0,0,0,0,0,0,0,0,1,0,0,3725.549265304347,0.5446832684552725,Fair,0.2752207987488289,Low,1,0,"New Joiners — Lower tenure, lower income"
419,3,24,4,4836.05,60.0,2020-04-21,0,0,0,1,0,0,1,0,0,0,0,0,0,0,0,0,0,0,0,5625.173238762674,-0.9437086276833022,Fair,0.0997501332200155,Low,0,0,"New Joiners — Lower tenure, lower income"
473,2,36,16,8149.43,85.0,2008-09-08,0,0,0,0,0,0,0,0,0,0,0,0,0,0,0,0,0,1,0,7504.949253162596,0.7707313779275874,Fair,0.0496094985430559,Low,0,1,"Tenured Employees — Higher tenure, higher income"
186,2,36,3,5773.67,74.0,2021-05-03,0,1,0,0,0,0,0,1,0,0,0,0,0,0,0,0,0,0,0,4557.817803609112,1.454031704250511,Fair,0.251412326022907,Low,1,0,"New Joiners — Lower tenure, lower income"
969,2,39,4,5032.3,65.0,2020-03-22,0,0,0,0,0,0,0,0,0,0,0,0,0,1,0,0,0,0,0,4837.5930992909525,0.2328490317389648,Fair,0.1725894818980202,Low,0,0,"New Joiners — Lower tenure, lower income"
633,4,24,0,5383.96,82.0,2024-04-04,0,0,0,0,0,0,0,0,0,0,0,0,0,1,0,0,0,0,0,5648.471131427808,-0.3163275703781005,Fair,0.1584191713871927,Low,0,0,"New Joiners — Lower tenure, lower income"
857,4,33,7,7391.16,90.0,2023-08-20,1,0,0,0,1,0,0,0,0,0,0,0,0,0,0,0,1,0,0,7171.722716396764,0.2624239758753853,Fair,0.0828332435079914,Low,0,1,"Tenured Employees — Higher tenure, higher income"
873,3,50,2,6077.39,81.0,2022-04-15,0,0,0,0,1,0,0,0,0,0,0,0,0,0,0,0,0,0,0,5172.713432035047,1.0818982897907137,Fair,0.8333135419542193,High,0,0,"New Joiners — Lower tenure, lower income"
229,2,44,0,4159.57,68.0,2024-04-02,0,0,0,0,0,0,0,0,0,0,0,0,0,0,0,0,0,0,1,4081.889077818069,0.0928982354954195,Fair,0.3251357600285354,Medium,0,0,"New Joiners — Lower tenure, lower income"
548,2,38,6,5109.09,84.0,2018-10-27,0,0,0,0,1,0,0,0,0,0,0,0,0,0,0,0,0,0,0,5242.673803640523,-0.1597522184392631,Fair,0.7023093691892008,High,1,1,"Tenured Employees — Higher tenure, higher income"
858,3,22,1,4892.75,87.0,2023-10-15,0,0,1,0,0,0,0,0,0,0,1,0,0,0,0,0,0,0,0,5054.86712027748,-0.193875072467662,Fair,0.1855963351690344,Low,0,0,"New Joiners — Lower tenure, lower income"
368,2,24,2,3762.47,67.0,2022-02-04,0,0,0,0,1,0,0,0,0,0,0,0,0,0,0,1,0,0,0,4515.432077178701,-0.9004636711320875,Fair,0.2779460302574245,Low,0,0,"New Joiners — Lower tenure, lower income"
62,1,30,0,4075.45,64.0,2024-01-05,0,0,0,0,0,0,0,0,0,0,0,0,0,0,0,0,0,0,1,3251.873337085186,0.9849113093792412,Fair,0.3455751785415222,Medium,1,0,"New Joiners — Lower tenure, lower income"
627,2,30,2,3516.45,55.0,2022-02-07,0,1,0,0,0,0,0,0,1,0,0,0,0,0,0,0,0,0,0,4322.481525733697,-0.963929165503122,Fair,0.2222269113741264,Low,0,0,"New Joiners — Lower tenure, lower income"
597,2,40,3,4398.56,80.0,2021-05-20,1,0,0,0,1,0,0,0,0,0,0,0,0,0,0,1,0,0,0,4736.51687346914,-0.4041609746251796,Fair,0.2929348956217086,Low,0,0,"New Joiners — Lower tenure, lower income"
508,1,28,0,2870.52,73.0,2024-07-01,0,0,0,0,0,0,0,0,0,0,0,0,0,0,0,0,0,0,1,3261.624285682862,-0.4677197053549627,Fair,0.3027826563080731,Medium,0,0,"New Joiners — Lower tenure, lower income"
545,1,42,8,5236.43,93.0,2016-01-17,0,0,0,0,0,0,0,0,0,0,0,0,0,1,0,0,0,0,0,4916.256014870651,0.3828945052994232,Fair,0.1128837447669628,Low,1,1,"Tenured Employees — Higher tenure, higher income"
596,3,21,1,4674.84,86.0,2023-12-05,0,0,0,0,1,0,0,0,0,0,0,0,0,0,0,0,0,0,0,4979.179491710584,-0.3639581119450531,Fair,0.7658374774198492,High,1,0,"New Joiners — Lower tenure, lower income"
748,2,53,3,6276.68,60.0,2021-10-22,0,0,0,0,1,0,0,0,0,0,0,0,0,0,0,0,1,0,0,4553.728199822908,2.0604696440812864,Underpaid,0.3194602209824124,Medium,0,1,"Tenured Employees — Higher tenure, higher income"
455,1,30,2,3422.45,62.0,2022-05-08,0,0,0,0,0,0,0,0,0,0,0,0,0,0,0,0,0,0,1,3697.889877449768,-0.3293972043770358,Fair,0.2542031559059073,Low,0,0,"New Joiners — Lower tenure, lower income"
254,2,30,0,4038.49,88.0,2024-10-22,0,0,0,0,1,0,0,0,0,0,0,0,0,0,0,0,0,0,0,3910.009414544424,0.1536493047326081,Fair,0.8495633508582675,High,1,0,"New Joiners — Lower tenure, lower income"
138,2,37,1,3996.37,100.0,2023-03-07,0,0,0,0,1,0,0,0,0,0,0,0,0,0,0,0,0,0,0,4138.258470595143,-0.1696837290958241,Fair,0.8318178501135015,High,1,0,"New Joiners — Lower tenure, lower income"
515,3,33,2,5358.85,86.0,2022-03-12,0,0,0,0,1,0,0,0,0,0,0,0,0,0,0,0,1,0,0,5209.721527168629,0.1783420124147749,Fair,0.2023401504432355,Low,0,0,"New Joiners — Lower tenure, lower income"
710,3,26,2,6275.68,57.0,2022-05-03,0,0,0,0,1,0,0,0,0,0,0,0,0,0,0,0,1,0,0,5190.325557134702,1.297970078073481,Fair,0.2199597269634133,Low,0,0,"New Joiners — Lower tenure, lower income"
436,1,27,1,3741.84,60.0,2023-12-22,0,0,0,0,1,0,0,0,0,0,0,0,0,0,0,0,1,0,0,3290.197261773629,0.540117345122213,Fair,0.3204479763256807,Medium,1,0,"New Joiners — Lower tenure, lower income"
571,1,39,1,3279.81,76.0,2023-06-01,0,0,0,0,1,0,0,0,0,0,0,0,0,0,0,0,1,0,0,3293.620500911631,-0.0165159105989196,Fair,0.3359097721776478,Medium,1,0,"New Joiners — Lower tenure, lower income"
110,4,36,2,5586.4,91.0,2022-06-11,0,0,0,0,0,0,0,0,0,0,0,0,0,1,0,0,0,0,0,6093.487415878672,-0.6064233643716759,Fair,0.1328390223309778,Low,0,0,"New Joiners — Lower tenure, lower income"
678,2,36,2,4568.84,86.0,2022-02-07,0,0,0,0,0,0,0,0,0,0,0,0,0,1,0,0,0,0,0,4411.0688263797765,0.1886777760829618,Fair,0.2026262411827733,Low,0,0,"New Joiners — Lower tenure, lower income"
361,3,30,3,4103.02,67.0,2021-10-26,1,0,0,1,0,0,1,0,0,0,0,0,0,0,0,0,0,0,0,5402.107190128698,-1.5535720267972148,Fair,0.1163424773747021,Low,0,0,"New Joiners — Lower tenure, lower income"
337,1,24,8,3413.12,75.0,2016-10-18,0,0,0,0,0,0,0,0,0,0,0,0,0,0,0,0,0,1,0,4876.692907321993,-1.7502796927498483,Fair,0.1409154843570963,Low,0,0,"New Joiners — Lower tenure, lower income"
611,2,39,0,3465.32,69.0,2024-04-15,0,0,0,0,0,0,0,0,0,0,0,0,0,1,0,0,0,0,0,3945.5600185617914,-0.5743166930252459,Fair,0.2686399603530037,Low,0,0,"New Joiners — Lower tenure, lower income"
701,4,28,1,5960.02,100.0,2023-05-20,0,0,0,0,1,0,0,0,0,0,0,0,0,0,0,0,1,0,0,5841.683535105853,0.1415180004903336,Fair,0.1753312676789877,Low,0,0,"New Joiners — Lower tenure, lower income"
320,3,32,1,6245.42,83.0,2023-02-06,0,0,0,0,0,0,0,0,0,0,0,0,0,0,0,0,0,1,0,4987.360179485149,1.5045075958263985,Fair,0.3329190691139556,Medium,0,0,"New Joiners — Lower tenure, lower income"
614,3,21,0,5447.04,72.0,2024-09-07,0,1,0,0,0,0,0,0,1,0,0,0,0,0,0,0,0,0,0,4736.781976518483,0.8493941018538176,Fair,0.2366756470537752,Low,0,0,"New Joiners — Lower tenure, lower income"
397,1,31,6,4812.62,74.0,2018-01-13,0,0,0,0,1,0,0,0,0,0,0,0,0,0,0,0,0,0,0,4401.089567579537,0.4921472344907463,Fair,0.7421410438960755,High,1,1,"Tenured Employees — Higher tenure, higher income"
149,4,39,0,5586.94,72.0,2024-03-05,0,0,0,0,1,0,0,0,0,0,0,0,0,0,0,1,0,0,0,5736.649797007956,-0.1790372151587523,Fair,0.3163910837637184,Medium,0,0,"New Joiners — Lower tenure, lower income"
794,3,21,0,4931.76,61.0,2024-08-04,0,0,0,0,1,0,0,0,0,0,0,0,0,0,0,0,0,0,0,4733.169047259356,0.2374939505964242,Fair,0.817290092735444,High,1,0,"New Joiners — Lower tenure, lower income"
685,1,48,4,3361.45,64.0,2020-05-23,0,0,1,0,0,0,0,0,0,1,0,0,0,0,0,0,0,0,0,4004.950308610723,-0.7695588766401076,Fair,0.3011974112815673,Medium,0,0,"New Joiners — Lower tenure, lower income"
541,3,37,0,4800.51,83.0,2024-09-15,0,1,0,0,0,0,0,1,0,0,0,0,0,0,0,0,0,0,0,4732.2044055956,0.0816863267891354,Fair,0.2786205866996032,Low,0,0,"New Joiners — Lower tenure, lower income"
159,3,32,12,7662.64,83.0,2012-04-12,0,0,0,0,1,0,0,0,0,0,0,0,0,0,0,0,0,0,0,7429.510439523323,0.2787985029243613,Fair,0.406720732746644,Medium,1,1,"Tenured Employees — Higher tenure, higher income"
929,2,35,0,4076.77,83.0,2024-04-18,0,0,1,0,0,0,0,0,0,0,0,0,0,0,1,0,0,0,0,4106.609278519255,-0.0356846474659893,Fair,0.3989934218588911,Medium,0,0,"New Joiners — Lower tenure, lower income"
570,2,42,9,5940.08,82.0,2015-07-20,0,0,0,0,0,0,0,0,0,0,0,0,0,1,0,0,0,0,0,5969.414842173093,-0.0350813945029462,Fair,0.081029134849356,Low,0,1,"Tenured Employees — Higher tenure, higher income"
494,2,29,2,5387.67,67.0,2022-04-04,0,0,0,0,1,0,0,0,0,0,0,0,0,0,0,0,1,0,0,4357.492013757676,1.2319848230431776,Fair,0.2578837159270907,Low,0,0,"New Joiners — Lower tenure, lower income"
24,1,25,3,3374.84,51.0,2021-08-13,0,1,0,0,0,0,0,0,1,0,0,0,0,0,0,0,0,0,0,3708.3097954228247,-0.3987948999014962,Fair,0.2283071200959986,Low,0,0,"New Joiners — Lower tenure, lower income"
690,2,41,1,3514.78,76.0,2023-05-12,0,0,1,0,0,0,0,0,0,1,0,0,0,0,0,0,0,0,0,4189.145637646574,-0.8064705729083457,Fair,0.3287508755141974,Medium,0,0,"New Joiners — Lower tenure, lower income"
129,2,34,0,3213.66,58.0,2024-05-19,0,1,0,0,0,0,0,1,0,0,0,0,0,0,0,0,0,0,0,3873.772369370293,-0.7894251589802231,Fair,0.3160365804991624,Medium,0,0,"New Joiners — Lower tenure, lower income"
862,2,39,2,4344.47,75.0,2022-10-19,0,1,0,0,0,0,0,1,0,0,0,0,0,0,0,0,0,0,0,4332.126547169948,0.0147614749622468,Fair,0.2658416256977622,Low,0,0,"New Joiners — Lower tenure, lower income"
973,2,32,8,5960.8,62.0,2016-08-02,0,0,0,0,1,0,0,0,0,0,0,0,0,0,0,0,0,0,0,5676.362336311979,0.3401576130001614,Fair,0.6387029604078422,High,1,1,"Tenured Employees — Higher tenure, higher income"
325,1,35,3,3793.31,74.0,2021-01-20,0,1,0,0,0,0,0,1,0,0,0,0,0,0,0,0,0,0,0,3719.714585137816,0.0880123972426356,Fair,0.2647045285092058,Low,1,0,"New Joiners — Lower tenure, lower income"
903,2,50,2,3795.12,81.0,2022-10-08,0,0,0,0,1,0,0,0,0,0,0,0,0,0,0,1,0,0,0,4504.565315763934,-0.8484221886630843,Fair,0.3519690491983431,Medium,0,0,"New Joiners — Lower tenure, lower income"
512,4,41,2,3989.546,69.0,2022-05-13,0,0,0,0,0,0,0,0,0,0,0,0,0,0,0,0,0,0,1,6211.237795917734,-2.656910369473138,Overpaid,0.1455912482320983,Low,0,0,"New Joiners — Lower tenure, lower income"
363,3,41,9,5415.39,76.0,2015-08-07,0,1,0,0,0,0,0,1,0,0,0,0,0,0,0,0,0,0,0,6737.470920247738,-1.5810701163604923,Fair,0.0769003029097976,Low,0,1,"Tenured Employees — Higher tenure, higher income"
953,2,31,1,2807.93,82.0,2023-04-14,0,1,0,0,0,0,0,1,0,0,0,0,0,0,0,0,0,0,0,4121.581101068051,-1.5709889367691348,Fair,0.241778414147009,Low,0,0,"New Joiners — Lower tenure, lower income"
468,2,33,1,4754.32,83.0,2023-07-07,0,0,0,0,0,0,0,0,0,0,0,0,0,1,0,0,0,0,0,4187.2047464129855,0.6782103623510526,Fair,0.2321410172359235,Low,0,0,"New Joiners — Lower tenure, lower income"
715,3,26,0,5301.07,65.0,2024-03-03,0,0,1,0,0,0,0,0,0,0,1,0,0,0,0,0,0,0,0,4807.933457848119,0.5897395826085926,Fair,0.2496819748830201,Low,0,0,"New Joiners — Lower tenure, lower income"
847,1,47,7,4892.69,46.0,2017-05-05,1,0,0,0,0,0,0,0,0,0,0,0,0,0,0,0,0,1,0,4606.574105526688,0.3421646010009269,Fair,0.2694907227925243,Low,0,1,"Tenured Employees — Higher tenure, higher income"
759,3,44,3,4127.318,84.0,2021-08-22,0,0,0,0,1,0,0,0,0,0,0,0,0,0,0,0,0,0,0,5404.62647077246,-1.527526962671869,Fair,0.7518419187626715,High,0,0,"New Joiners — Lower tenure, lower income"
831,1,41,2,3869.78,61.0,2022-05-04,0,0,1,0,0,0,0,0,0,1,0,0,0,0,0,0,0,0,0,3560.770574460464,0.3695428630062483,Fair,0.3760495475841914,Medium,1,0,"New Joiners — Lower tenure, lower income"
680,2,30,1,4066.488,56.0,2023-09-07,0,0,0,0,1,0,0,0,0,0,0,0,0,0,0,1,0,0,0,4276.441446358536,-0.2510823012272008,Fair,0.3543514373026653,Medium,0,0,"New Joiners — Lower tenure, lower income"
420,4,30,3,6889.94,80.0,2021-11-17,0,0,0,0,0,0,0,0,0,0,0,0,0,0,0,0,0,1,0,6273.2782255675575,0.7374628046778501,Fair,0.2112254505382546,Low,0,1,"Tenured Employees — Higher tenure, higher income"
527,2,26,6,5745.77,56.0,2018-01-14,0,0,0,0,1,0,0,0,0,0,0,0,0,0,0,0,0,0,0,5228.634176378397,0.6184402061217084,Fair,0.7013993995058397,High,1,1,"Tenured Employees — Higher tenure, higher income"
610,2,32,4,5261.17,60.0,2023-03-08,0,0,0,0,1,0,0,0,0,0,0,0,0,0,0,0,1,0,0,4796.402072813664,0.5558136945047434,Fair,0.2021666339370777,Low,0,0,"New Joiners — Lower tenure, lower income"
250,2,34,7,6578.79,59.0,2017-10-04,0,0,0,0,0,0,0,0,0,0,0,0,0,0,0,0,0,0,1,5650.12085859633,1.1105908912023057,Fair,0.130150034322544,Low,0,1,"Tenured Employees — Higher tenure, higher income"
380,3,41,2,3200.49,72.4,2022-01-04,1,0,0,0,0,0,0,0,0,0,0,0,0,1,0,0,0,0,0,5233.562823301234,-2.4313418612106608,Overpaid,0.1562638717008931,Low,0,0,"New Joiners — Lower tenure, lower income"
16,2,29,0,3275.93,90.0,2024-01-11,0,0,0,0,1,0,0,0,0,0,0,0,0,0,0,0,0,0,0,3912.673141317403,-0.7614780132715364,Fair,0.8356125917432314,High,1,0,"New Joiners — Lower tenure, lower income"
160,2,33,6,4621.28,76.0,2018-08-18,0,0,0,0,0,0,0,0,0,0,0,0,0,0,0,0,0,0,1,5442.162101331831,-0.981688896340598,Fair,0.1187015747910929,Low,0,0,"New Joiners — Lower tenure, lower income"
645,2,43,1,5005.08,61.8,2023-04-10,0,0,1,0,0,0,0,0,0,0,1,0,0,0,0,0,0,0,0,4174.794254195111,0.9929346688447844,Fair,0.3207024423918785,Medium,1,0,"New Joiners — Lower tenure, lower income"
49,3,35,3,5591.27,81.0,2021-02-20,0,0,0,0,1,0,0,0,0,0,0,0,0,0,0,0,0,0,0,5410.021332512053,0.2167543963509097,Fair,0.7578793105065006,High,1,0,"New Joiners — Lower tenure, lower income"
990,4,45,9,7908.56,60.0,2015-04-12,0,0,0,0,0,0,0,0,0,0,0,0,0,0,0,0,0,0,1,7766.948974163914,0.1693519342633237,Fair,0.0714708665214398,Low,0,1,"Tenured Employees — Higher tenure, higher income"
412,2,29,0,3934.17,56.0,2024-03-22,0,0,0,0,1,0,0,0,0,0,0,0,0,0,0,0,1,0,0,3899.9743862586256,0.0408943674846791,Fair,0.3110063417092907,Medium,0,0,"New Joiners — Lower tenure, lower income"
378,4,34,0,7893.31,79.0,2024-11-16,1,0,0,0,0,0,0,0,0,0,0,0,0,0,0,0,0,1,0,5597.137303970146,2.745981714202052,Underpaid,0.3585153237542323,Medium,0,1,"Tenured Employees — Higher tenure, higher income"
295,3,25,0,4624.26,86.0,2024-12-16,0,0,0,1,0,0,0,0,0,0,0,1,0,0,0,0,0,0,0,4751.709207508782,-0.1524158848826007,Fair,0.221482266477597,Low,0,0,"New Joiners — Lower tenure, lower income"
568,1,26,8,5163.99,66.0,2016-04-08,0,0,0,0,0,0,0,0,0,0,0,0,0,1,0,0,0,0,0,4906.678401628034,0.3077176839543488,Fair,0.0991081578530741,Low,1,1,"Tenured Employees — Higher tenure, higher income"
128,1,30,0,3550.44,80.0,2024-03-06,0,0,0,0,0,0,0,0,0,0,0,0,0,0,0,0,0,0,1,3266.0285212506856,0.3401262985598315,Fair,0.3191332288862269,Medium,0,0,"New Joiners — Lower tenure, lower income"
298,4,35,6,8278.29,91.0,2018-11-18,1,0,1,0,0,0,0,0,0,0,1,0,0,0,0,0,0,0,0,7005.242035725828,1.5224318437560476,Fair,0.1026645156625583,Low,0,1,"Tenured Employees — Higher tenure, higher income"
997,2,35,7,5706.21,65.0,2017-07-22,0,0,0,1,0,0,1,0,0,0,0,0,0,0,0,0,0,0,0,5452.440477893501,0.3034817322456216,Fair,0.0976937670605177,Low,0,1,"Tenured Employees — Higher tenure, higher income"
238,3,35,1,5278.04,92.0,2023-02-26,1,0,0,0,0,0,0,0,0,0,0,0,0,1,0,0,0,0,0,5032.3759272250845,0.293788464971604,Fair,0.1911236708969619,Low,0,0,"New Joiners — Lower tenure, lower income"
168,2,21,4,5639.91,65.0,2020-07-07,0,0,0,1,0,0,0,0,0,0,0,0,1,0,0,0,0,0,0,4813.020132926987,0.9888735540525464,Fair,0.2211342397825188,Low,0,1,"Tenured Employees — Higher tenure, higher income"
893,3,26,2,3975.2,54.0,2022-09-24,0,1,0,0,0,0,0,0,1,0,0,0,0,0,0,0,0,0,0,5164.171688956108,-1.4218854366757747,Fair,0.1738838320253817,Low,0,0,"New Joiners — Lower tenure, lower income"
447,4,35,1,6641.31,70.0,2023-08-09,0,0,1,0,0,0,0,0,0,1,0,0,0,0,0,0,0,0,0,5867.198510545438,0.92575614999313,Fair,0.2609842140185179,Low,0,0,"New Joiners — Lower tenure, lower income"
81,1,51,1,3577.73,74.0,2023-10-13,0,0,0,0,0,0,0,0,0,0,0,0,0,0,0,0,0,1,0,3284.41054765134,0.3507793006866718,Fair,0.4844916519194546,Medium,0,0,"New Joiners — Lower tenure, lower income"
876,1,33,1,3336.23,76.0,2023-03-23,0,0,0,0,1,0,0,0,0,0,0,0,0,0,0,1,0,0,0,3452.454893084948,-0.1389927820752222,Fair,0.3981466628605182,Medium,0,0,"New Joiners — Lower tenure, lower income"
942,2,24,0,3940.74,58.0,2024-10-22,0,0,0,0,0,0,0,0,0,0,0,0,0,0,0,0,0,1,0,3909.506817828664,0.0373516100366153,Fair,0.3818778520519248,Medium,0,0,"New Joiners — Lower tenure, lower income"
938,3,27,0,4791.36,60.0,2024-02-18,0,0,0,0,1,0,0,0,0,0,0,0,0,0,0,1,0,0,0,4897.76780668774,-0.1272525763929218,Fair,0.3332235392727417,Medium,0,0,"New Joiners — Lower tenure, lower income"
31,2,34,3,5065.93,83.0,2021-02-17,0,0,0,0,1,0,0,0,0,0,0,0,0,0,0,0,1,0,0,4591.068523354352,0.5678845210129535,Fair,0.2199710958719455,Low,0,0,"New Joiners — Lower tenure, lower income"
243,4,37,1,6745.72,69.0,2023-04-24,0,1,0,0,0,1,0,0,0,0,0,0,0,0,0,0,0,0,0,5782.709135867011,1.1516599897121684,Fair,0.3138241623480813,Medium,0,1,"Tenured Employees — Higher tenure, higher income"
672,3,36,1,5875.6,65.0,2023-10-02,0,0,1,0,0,0,0,0,0,1,0,0,0,0,0,0,0,0,0,5022.883139517839,1.0197599293486914,Fair,0.312062443151733,Medium,0,0,"New Joiners — Lower tenure, lower income"
741,2,32,9,6951.11,86.0,2015-02-25,1,0,0,0,0,0,0,0,0,0,0,0,0,1,0,0,0,0,0,5981.896925737383,1.1590771825187218,Fair,0.0767568791702809,Low,1,1,"Tenured Employees — Higher tenure, higher income"
572,2,38,5,5461.962,60.0,2019-10-01,0,0,0,0,1,0,0,0,0,0,0,0,0,0,0,1,0,0,0,5168.397489152117,0.3510723649491904,Fair,0.2508833500320797,Low,0,1,"Tenured Employees — Higher tenure, higher income"
776,3,37,2,5811.11,74.0,2022-06-27,0,0,0,0,0,0,0,0,0,0,0,0,0,1,0,0,0,0,0,5238.555656726949,0.684714943145688,Fair,0.1866394528270613,Low,0,0,"New Joiners — Lower tenure, lower income"
579,2,48,1,4805.202,53.0,2023-08-07,1,0,0,1,0,0,1,0,0,0,0,0,0,0,0,0,0,0,0,4086.840000833782,0.8590856068007252,Fair,0.2789100938433461,Low,0,0,"New Joiners — Lower tenure, lower income"
706,2,39,4,6357.09,81.0,2019-06-27,0,0,0,0,0,0,0,0,0,0,0,0,0,0,0,0,0,1,0,4812.011840552736,1.847751425749027,Fair,0.3029383634946725,Medium,0,1,"Tenured Employees — Higher tenure, higher income"
28,2,37,0,4745.5160000000005,63.0,2024-10-01,1,0,0,0,1,0,0,0,0,0,0,0,0,0,0,0,0,0,0,3881.631638019792,1.0331150898555574,Fair,0.8820230380399809,High,1,0,"New Joiners — Lower tenure, lower income"
578,2,34,0,2961.82,56.0,2024-04-10,0,1,0,0,0,0,0,1,0,0,0,0,0,0,0,0,0,0,0,3872.002971349606,-1.0884833707088075,Fair,0.3118753310457015,Medium,0,0,"New Joiners — Lower tenure, lower income"
123,1,32,10,4646.16,72.0,2014-10-20,1,0,0,0,0,0,0,0,0,0,0,0,0,0,0,0,0,1,0,5314.670118657899,-0.7994679863442499,Fair,0.1282465299287531,Low,0,1,"Tenured Employees — Higher tenure, higher income"
803,3,36,2,6011.52,62.0,2022-08-15,0,0,0,1,0,0,0,0,0,0,0,1,0,0,0,0,0,0,0,5168.424753370597,1.00825348832774,Fair,0.227682386967341,Low,0,0,"New Joiners — Lower tenure, lower income"
936,3,35,2,3795.83,75.0,2022-02-19,0,0,0,0,1,0,0,0,0,0,0,0,0,0,0,0,1,0,0,5198.201180550265,-1.6770888465720624,Fair,0.187438282211169,Low,0,0,"New Joiners — Lower tenure, lower income"
921,2,37,1,3750.718,77.0,2023-09-25,0,0,0,0,1,0,0,0,0,0,0,0,0,0,0,1,0,0,0,4288.7598243097145,-0.6434415902536188,Fair,0.352128399780471,Medium,0,0,"New Joiners — Lower tenure, lower income"
724,2,29,0,3834.79,52.0,2024-01-04,0,0,0,1,0,0,0,0,0,0,0,0,1,0,0,0,0,0,0,3898.7925390036494,-0.0765403238486375,Fair,0.3703654623261299,Medium,0,0,"New Joiners — Lower tenure, lower income"
564,1,36,1,3343.42,77.0,2023-08-06,0,0,1,0,0,0,0,0,0,0,1,0,0,0,0,0,0,0,0,3355.504433194786,-0.014451714645311,Fair,0.3105557135097843,Medium,1,0,"New Joiners — Lower tenure, lower income"
509,2,46,3,5013.05,80.0,2021-10-07,0,0,0,0,0,0,0,0,0,0,0,0,0,0,0,0,0,1,0,4580.973871083717,0.5167177325985829,Fair,0.3362135928351515,Medium,0,0,"New Joiners — Lower tenure, lower income"
272,3,37,2,4374.904,64.0,2022-06-11,0,0,0,1,0,0,0,0,0,0,0,0,1,0,0,0,0,0,0,5189.0377827183,-0.9736186150649748,Fair,0.255209851665814,Low,0,0,"New Joiners — Lower tenure, lower income"
348,1,41,18,7438.15,66.0,2006-04-19,0,0,0,0,1,0,0,0,0,0,0,0,0,0,0,1,0,0,0,7242.633749237962,0.2338169295150086,Fair,0.0474501374838777,Low,0,1,"Tenured Employees — Higher tenure, higher income"
757,3,37,2,4729.84,59.0,2022-01-26,0,0,0,1,0,0,0,0,0,0,0,0,1,0,0,0,0,0,0,5184.614287666581,-0.5438623498053549,Fair,0.2663564632230588,Low,0,0,"New Joiners — Lower tenure, lower income"
278,2,34,1,2639.61,59.0,2023-04-15,0,0,0,1,0,0,1,0,0,0,0,0,0,0,0,0,0,0,0,4104.668797427925,-1.7520566614714337,Fair,0.1946952850681147,Low,0,0,"New Joiners — Lower tenure, lower income"
895,3,45,0,3325.85,98.0,2024-09-06,0,0,0,0,1,0,0,0,0,0,0,0,0,0,0,1,0,0,0,4915.288451539554,-1.9008016824360376,Fair,0.3259648935148896,Medium,0,0,"New Joiners — Lower tenure, lower income"
908,2,34,9,5743.03,86.0,2015-09-02,0,0,0,0,1,0,0,0,0,0,0,0,0,0,0,0,0,0,0,5919.69942424828,-0.2112781017225687,Fair,0.573258871997823,Medium,1,1,"Tenured Employees — Higher tenure, higher income"
432,2,30,3,3753.16,78.0,2021-05-08,0,0,1,0,0,0,0,0,0,0,0,0,0,0,1,0,0,0,0,4778.336334806896,-1.2260033725162869,Fair,0.2565728435741776,Low,0,0,"New Joiners — Lower tenure, lower income"
692,1,43,0,3412.68,77.0,2024-12-22,0,0,0,0,0,0,0,0,0,0,0,0,0,0,0,0,0,0,1,3251.748150439865,0.1924576130048626,Fair,0.3628321604916158,Medium,0,0,"New Joiners — Lower tenure, lower income"
976,4,45,3,6135.33,67.0,2021-06-10,0,0,0,1,0,0,1,0,0,0,0,0,0,0,0,0,0,0,0,6227.689806067915,-0.1104526410527635,Fair,0.1325751295955262,Low,0,1,"Tenured Employees — Higher tenure, higher income"
148,2,35,2,4060.25,60.0,2022-02-04,0,0,0,0,1,0,0,0,0,0,0,0,0,0,0,0,1,0,0,4345.933148171521,-0.3416470818118599,Fair,0.2532389959555921,Low,0,0,"New Joiners — Lower tenure, lower income"
300,2,28,7,5985.46,87.0,2017-12-08,0,0,0,0,0,0,0,0,0,0,0,0,0,0,0,0,0,1,0,5498.836558467907,0.5819505973830402,Fair,0.1642351311805669,Low,0,1,"Tenured Employees — Higher tenure, higher income"
557,3,26,4,6540.66,67.0,2020-06-08,0,0,0,0,0,0,0,0,0,0,0,0,0,1,0,0,0,0,0,5689.986318315018,1.0173165018026695,Fair,0.1291477282411035,Low,0,1,"Tenured Employees — Higher tenure, higher income"
446,1,37,1,3253.15,65.0,2023-04-22,0,0,0,0,0,0,0,0,0,0,0,0,0,0,0,0,0,0,1,3470.390704022124,-0.2597970970809659,Fair,0.3074194643312463,Medium,0,0,"New Joiners — Lower tenure, lower income"
878,2,40,6,4105.08,83.0,2018-02-15,0,1,0,0,0,0,0,1,0,0,0,0,0,0,0,0,0,0,0,5233.881687270943,-1.34992842549075,Fair,0.1408625942309809,Low,0,0,"New Joiners — Lower tenure, lower income"
458,1,30,0,3437.75,73.0,2024-05-18,0,0,0,0,0,0,0,0,0,0,0,0,0,1,0,0,0,0,0,3118.1502261502,0.3822078088342763,Fair,0.2975571872514141,Low,0,0,"New Joiners — Lower tenure, lower income"
52,2,45,3,4970.49,65.0,2021-10-22,0,0,1,0,0,0,0,0,0,0,0,0,0,0,1,0,0,0,0,4753.420316388057,0.2595925746075814,Fair,0.3421883588882541,Medium,0,0,"New Joiners — Lower tenure, lower income"
879,2,48,6,5617.42,64.0,2018-05-08,0,0,1,0,0,0,0,0,0,0,1,0,0,0,0,0,0,0,0,5291.733794219581,0.3894865430580184,Fair,0.1743501740834816,Low,0,1,"Tenured Employees — Higher tenure, higher income"
519,2,38,0,3898.89,79.0,2024-04-16,0,1,0,0,0,0,0,0,1,0,0,0,0,0,0,0,0,0,0,3888.7737335783454,0.0120979936125409,Fair,0.3082059369069609,Medium,0,0,"New Joiners — Lower tenure, lower income"
23,2,23,7,4199.94,79.0,2017-11-10,0,0,0,0,1,0,0,0,0,0,0,0,0,0,0,0,0,0,0,5475.558209065811,-1.5255055869510017,Fair,0.590027456547778,Medium,1,0,"New Joiners — Lower tenure, lower income"
319,3,22,5,5090.47,61.0,2019-03-11,0,0,0,0,1,0,0,0,0,0,0,0,0,0,0,1,0,0,0,6022.588995422713,-1.1147165547768867,Fair,0.1571744942811804,Low,0,0,"New Joiners — Lower tenure, lower income"
675,1,30,0,3288.58,70.0,2024-05-27,0,0,1,0,0,0,0,0,0,0,1,0,0,0,0,0,0,0,0,3130.7845434434944,0.1887068159278797,Fair,0.3363250311837907,Medium,1,0,"New Joiners — Lower tenure, lower income"
433,3,34,1,5632.4,67.0,2023-12-07,0,0,0,0,0,0,0,0,0,0,0,0,0,0,0,0,0,1,0,4971.416337815066,0.7904671338024373,Fair,0.3389340030054416,Medium,0,0,"New Joiners — Lower tenure, lower income"
210,2,34,2,4329.74,65.6,2022-12-05,0,0,0,0,0,0,0,0,0,0,0,0,0,0,0,0,0,1,0,4355.073181169631,-0.0302958276503557,Fair,0.3334834458687472,Medium,0,0,"New Joiners — Lower tenure, lower income"
620,2,40,1,4891.68,66.0,2023-10-25,0,0,0,0,0,0,0,0,0,0,0,0,0,0,0,0,0,1,0,4126.168119067385,0.9154719201565004,Fair,0.4122728936797633,Medium,0,0,"New Joiners — Lower tenure, lower income"
143,3,25,19,4669.732,72.0,2005-05-20,0,0,0,0,0,0,0,0,0,0,0,0,0,1,0,0,0,0,0,9053.698680008543,-5.242764344245131,Overpaid,0.0069706826263717,Low,0,1,"Tenured Employees — Higher tenure, higher income"
51,2,37,2,2969.67,50.0,2022-04-08,0,1,0,0,0,0,0,0,1,0,0,0,0,0,0,0,0,0,0,4311.797729415937,-1.6050439975494613,Fair,0.2340442132654588,Low,0,0,"New Joiners — Lower tenure, lower income"
167,3,43,7,7320.31,74.0,2017-04-20,0,0,0,0,1,0,0,0,0,0,0,0,0,0,0,0,1,0,0,6309.626697484762,1.2086712259730228,Fair,0.1301965530682495,Low,0,1,"Tenured Employees — Higher tenure, higher income"
667,1,31,0,2303.49,70.0,2024-02-19,0,0,0,0,0,0,0,0,0,0,0,0,0,0,0,0,0,0,1,3256.2872023949567,-1.1394455215163857,Fair,0.3019932232659278,Medium,0,0,"New Joiners — Lower tenure, lower income"
82,3,32,3,5889.87,51.0,2021-10-12,0,0,1,0,0,0,0,0,0,1,0,0,0,0,0,0,0,0,0,5461.860606767461,0.5118543432536256,Fair,0.2368135376159806,Low,0,0,"New Joiners — Lower tenure, lower income"
849,2,33,2,3189.95,80.0,2022-08-02,0,0,0,0,0,0,0,0,0,0,0,0,0,1,0,0,0,0,0,4408.443618574589,-1.4571905681410502,Fair,0.1764252139225633,Low,0,0,"New Joiners — Lower tenure, lower income"
322,4,32,2,6033.38,66.0,2022-08-12,0,0,0,0,0,0,0,0,0,0,0,0,0,1,0,0,0,0,0,6074.947255629246,-0.0497100780201883,Fair,0.1429602626750727,Low,0,0,"New Joiners — Lower tenure, lower income"
933,2,25,4,4724.75,87.0,2020-02-13,0,0,0,0,1,0,0,0,0,0,0,0,0,0,0,0,0,0,0,4809.168236066074,-0.1009553562689073,Fair,0.7276205433616921,High,1,0,"New Joiners — Lower tenure, lower income"
965,1,51,4,2856.79,72.0,2020-03-27,0,0,0,0,1,0,0,0,0,0,0,0,0,0,0,0,0,0,0,3933.647656127752,-1.2878088123067033,Fair,0.8225326838870819,High,0,0,"New Joiners — Lower tenure, lower income"
887,2,37,1,2940.24,53.0,2023-03-15,1,0,0,0,1,0,0,0,0,0,0,0,0,0,0,1,0,0,0,4267.527048061465,-1.5872960991896643,Fair,0.3536265457689955,Medium,0,0,"New Joiners — Lower tenure, lower income"
67,1,33,5,5423.6,73.0,2019-08-20,0,0,0,0,0,0,0,0,0,0,0,0,0,1,0,0,0,0,0,4234.932085856497,1.4215221538608158,Fair,0.1769316802624744,Low,1,1,"Tenured Employees — Higher tenure, higher income"
335,2,28,3,3907.03,66.0,2021-02-03,0,0,0,0,0,0,0,0,0,0,0,0,0,0,0,0,0,1,0,4584.686002480152,-0.8104055041448682,Fair,0.2653218758358619,Low,0,0,"New Joiners — Lower tenure, lower income"
290,2,42,2,4310.07,82.0,2022-01-26,0,0,0,0,0,0,0,0,0,0,0,0,0,0,0,0,0,0,1,4543.849459852733,-0.27957571441451,Fair,0.2360475181461828,Low,0,0,"New Joiners — Lower tenure, lower income"
340,2,36,5,5191.5,59.0,2019-10-14,0,0,1,0,0,0,0,0,0,0,0,0,0,0,1,0,0,0,0,5203.947019481886,-0.0148853298154236,Fair,0.2463115138559656,Low,1,0,"New Joiners — Lower tenure, lower income"
830,3,26,10,6574.51,73.6,2014-03-09,0,0,0,0,0,0,0,0,0,0,0,0,0,0,0,0,0,1,0,6999.446704035376,-0.5081797292477073,Fair,0.0829842774023396,Low,0,1,"Tenured Employees — Higher tenure, higher income"
284,2,35,7,5444.872,84.0,2017-09-08,0,0,0,0,1,0,0,0,0,0,0,0,0,0,0,0,0,0,0,5469.249759090032,-0.0291532430510092,Fair,0.6595456131936497,High,1,1,"Tenured Employees — Higher tenure, higher income"
501,1,29,1,3104.15,66.0,2023-10-02,1,0,0,0,1,0,0,0,0,0,0,0,0,0,0,1,0,0,0,3447.185217990676,-0.4102341420392286,Fair,0.3870028741093077,Medium,0,0,"New Joiners — Lower tenure, lower income"
665,2,38,5,6323.3,59.0,2019-10-16,0,0,0,0,1,0,0,0,0,0,0,0,0,0,0,0,0,0,0,4996.663359189296,1.5865182803346358,Fair,0.7815378340147134,High,1,1,"Tenured Employees — Higher tenure, higher income"
65,3,36,1,4884.03,82.0,2023-03-06,0,1,0,0,0,0,0,0,1,0,0,0,0,0,0,0,0,0,0,4956.107004530182,-0.0861965377414998,Fair,0.2261425465839626,Low,0,0,"New Joiners — Lower tenure, lower income"
694,3,44,4,5414.36,68.0,2020-03-18,0,0,0,0,1,0,0,0,0,0,0,0,0,0,0,0,0,0,0,5614.364255799595,-0.2391841128229922,Fair,0.7543985083957179,High,0,0,"New Joiners — Lower tenure, lower income"
265,2,33,4,4279.38,61.0,2020-05-02,0,1,0,0,0,0,0,1,0,0,0,0,0,0,0,0,0,0,0,4772.892671924154,-0.5901893943664859,Fair,0.1923922757236786,Low,0,0,"New Joiners — Lower tenure, lower income"
450,2,47,1,3961.76,68.0,2023-07-26,0,0,1,0,0,0,0,0,0,0,0,0,0,0,1,0,0,0,0,4306.499817529237,-0.412272664303263,Fair,0.4089281047496712,Medium,0,0,"New Joiners — Lower tenure, lower income"
581,3,32,1,4404.87,83.0,2023-03-22,1,0,0,0,1,0,0,0,0,0,0,0,0,0,0,0,1,0,0,4984.068789697255,-0.6926610041773366,Fair,0.2157792465205952,Low,0,0,"New Joiners — Lower tenure, lower income"
784,2,36,1,3625.17,76.0,2023-01-13,0,0,0,0,1,0,0,0,0,0,0,0,0,0,0,0,1,0,0,4135.301034392094,-0.6100632128888682,Fair,0.2712854119105028,Low,0,0,"New Joiners — Lower tenure, lower income"
21,2,44,7,6525.71,71.0,2017-01-17,0,0,0,0,0,0,0,0,0,0,0,0,0,1,0,0,0,0,0,5510.10855716946,1.214552805959166,Fair,0.128237707865289,Low,0,1,"Tenured Employees — Higher tenure, higher income"
443,3,25,3,5721.8,65.0,2021-05-11,0,1,0,0,0,0,0,1,0,0,0,0,0,0,0,0,0,0,0,5398.690676014814,0.3864048627028758,Fair,0.1784427598378086,Low,0,0,"New Joiners — Lower tenure, lower income"
822,3,40,1,5924.26,53.0,2023-08-01,0,1,0,0,0,0,0,0,1,0,0,0,0,0,0,0,0,0,0,4926.873418221049,1.192769742576836,Fair,0.2801451621318095,Low,0,0,"New Joiners — Lower tenure, lower income"
747,2,48,1,3432.67,78.0,2023-01-12,1,1,0,0,0,0,0,1,0,0,0,0,0,0,0,0,0,0,0,4102.838716237721,-0.8014514950904712,Fair,0.3097416539110783,Medium,0,0,"New Joiners — Lower tenure, lower income"
297,3,27,1,6210.77,80.0,2023-07-05,0,0,0,0,0,0,0,0,0,0,0,0,0,0,0,0,0,0,1,5170.599571147372,1.2439347363643978,Fair,0.2140846154084633,Low,0,0,"New Joiners — Lower tenure, lower income"
500,2,24,6,5178.46,63.0,2018-04-05,0,0,0,0,1,0,0,0,0,0,0,0,0,0,0,0,0,0,0,5236.615726955386,-0.06954814987206,Fair,0.6759004297503531,High,1,1,"Tenured Employees — Higher tenure, higher income"
573,3,28,0,6000.25,75.0,2024-08-09,0,0,0,1,0,0,0,0,0,0,0,0,1,0,0,0,0,0,0,4759.032492217435,1.48436595627651,Fair,0.3316854371653346,Medium,0,0,"New Joiners — Lower tenure, lower income"
262,1,38,11,6946.51,85.0,2013-07-19,0,0,0,0,0,0,0,0,0,0,0,0,0,1,0,0,0,0,0,5584.4346453749695,1.6288992651260843,Fair,0.0780142903680765,Low,1,1,"Tenured Employees — Higher tenure, higher income"
805,3,38,4,6145.43,82.0,2020-12-21,0,0,0,0,0,0,0,0,0,0,0,0,0,1,0,0,0,0,0,5692.524858442675,0.5416270471009627,Fair,0.1385646913934912,Low,0,1,"Tenured Employees — Higher tenure, higher income"
866,2,47,2,5009.33,94.0,2022-02-10,0,0,0,1,0,0,0,0,0,0,0,0,1,0,0,0,0,0,0,4367.637918282107,0.7673964269291493,Fair,0.3385463725526449,Medium,0,0,"New Joiners — Lower tenure, lower income"
683,2,33,1,5192.02,74.0,2023-07-23,0,0,0,0,1,0,0,0,0,0,0,0,0,0,0,1,0,0,0,4289.683042287848,1.079100361314489,Fair,0.376731787248377,Medium,1,0,"New Joiners — Lower tenure, lower income"
558,1,31,0,4139.57,71.0,2024-03-27,1,0,0,0,0,0,0,0,0,0,0,0,0,0,0,0,0,1,0,3075.7500564735037,1.2722170754743778,Fair,0.4734220772194368,Medium,1,0,"New Joiners — Lower tenure, lower income"
612,1,34,3,3438.84,68.0,2021-04-01,0,0,0,0,0,0,0,0,0,0,0,0,0,1,0,0,0,0,0,3781.828323667218,-0.4101780613468056,Fair,0.2073073898707625,Low,1,0,"New Joiners — Lower tenure, lower income"
622,3,38,4,6960.62,49.0,2015-03-20,0,1,0,0,0,1,0,0,0,0,0,0,0,0,0,0,0,0,0,5596.80218726216,1.630983062274186,Fair,0.2828554568524747,Low,0,1,"Tenured Employees — Higher tenure, higher income"
529,1,34,1,4497.946,66.0,2023-02-11,0,0,0,1,0,0,0,0,0,0,0,0,1,0,0,0,0,0,0,3291.6021033560496,1.4426607750153595,Fair,0.4188809357444107,Medium,1,0,"New Joiners — Lower tenure, lower income"
882,3,55,0,4688.18,66.0,2024-11-10,0,0,1,0,0,0,0,0,0,0,1,0,0,0,0,0,0,0,0,4782.882623042011,-0.1132544044313247,Fair,0.3253921086493118,Medium,0,0,"New Joiners — Lower tenure, lower income"
189,3,30,0,5279.84,66.0,2024-08-15,0,0,1,0,0,0,0,0,0,1,0,0,0,0,0,0,0,0,0,4805.240841849297,0.5675708156058374,Fair,0.3181461809566119,Medium,0,0,"New Joiners — Lower tenure, lower income"
252,2,40,1,4789.55,81.0,2023-07-26,0,0,0,1,0,0,1,0,0,0,0,0,0,0,0,0,0,0,0,4118.766203141738,0.8021870670009327,Fair,0.23454017254707,Low,0,0,"New Joiners — Lower tenure, lower income"
102,2,37,1,4079.606,63.0,2023-09-02,1,0,0,0,0,0,0,0,0,0,0,0,0,0,0,0,0,0,1,4307.618853225025,-0.2726794577087044,Fair,0.2663112494136413,Low,0,0,"New Joiners — Lower tenure, lower income"
946,3,58,2,5480.57,73.0,2022-10-21,0,0,0,0,1,0,0,0,0,0,0,0,0,0,0,0,1,0,0,5175.862221226875,0.3643985446446782,Fair,0.2834526975888634,Low,0,0,"New Joiners — Lower tenure, lower income"
398,2,27,0,3555.2,82.0,2024-08-11,1,1,0,0,0,1,0,0,0,0,0,0,0,0,0,0,0,0,0,3901.265446884583,-0.4138579779758297,Fair,0.3669358638170145,Medium,0,0,"New Joiners — Lower tenure, lower income"
888,2,43,7,5701.6,59.0,2017-10-04,0,0,0,0,1,0,0,0,0,0,0,0,0,0,0,0,1,0,0,5457.358665106016,0.292087019687504,Fair,0.1522729074273713,Low,0,1,"Tenured Employees — Higher tenure, higher income"
566,2,37,5,4915.31,48.0,2019-03-18,0,0,0,0,1,0,0,0,0,0,0,0,0,0,0,0,0,0,0,4987.825998827807,-0.0867215288782722,Fair,0.7596409153428388,High,1,0,"New Joiners — Lower tenure, lower income"
668,3,40,2,4659.4400000000005,93.0,2022-06-04,0,0,0,0,1,0,0,0,0,0,0,0,0,0,0,1,0,0,0,5363.122538634562,-0.8415305116356375,Fair,0.2661106567856751,Low,0,0,"New Joiners — Lower tenure, lower income"
996,2,51,0,3142.52,90.0,2024-11-27,0,0,0,0,0,0,0,0,0,0,0,0,0,1,0,0,0,0,0,3953.406752751511,-0.9697355077840264,Fair,0.2817181242816521,Low,0,0,"New Joiners — Lower tenure, lower income"
772,3,37,5,6181.97,88.0,2019-06-11,0,0,0,0,1,0,0,0,0,0,0,0,0,0,0,1,0,0,0,6033.060937417621,0.178079620769459,Fair,0.1916676126570226,Low,0,1,"Tenured Employees — Higher tenure, higher income"
331,3,21,2,3767.41,65.0,2017-06-27,0,0,0,0,0,0,0,0,0,0,0,0,0,0,0,0,0,1,0,5205.166182766802,-1.719405597926006,Fair,0.2232826685625123,Low,0,0,"New Joiners — Lower tenure, lower income"
599,1,44,1,2944.51,83.0,2023-01-17,1,0,0,0,1,0,0,0,0,0,0,0,0,0,0,1,0,0,0,3448.8101698821474,-0.6030901104954863,Fair,0.4217809247499856,Medium,0,0,"New Joiners — Lower tenure, lower income"
735,2,38,6,5983.57,59.0,2018-04-15,0,0,0,0,1,0,0,0,0,0,0,0,0,0,0,1,0,0,0,5391.405759334407,0.7081663236757343,Fair,0.2276953073315104,Low,0,1,"Tenured Employees — Higher tenure, higher income"
366,2,21,2,3799.35,63.0,2024-04-13,1,1,0,0,0,1,0,0,0,0,0,0,0,0,0,0,0,0,0,4337.60807658707,-0.643700205296076,Fair,0.2867547643236592,Low,0,0,"New Joiners — Lower tenure, lower income"
282,2,45,5,5877.57,80.0,2019-01-17,0,0,0,0,1,0,0,0,0,0,0,0,0,0,0,0,1,0,0,5026.362748433383,1.017954595418517,Fair,0.2018994327709224,Low,0,1,"Tenured Employees — Higher tenure, higher income"
867,3,34,0,4697.13,75.0,2024-12-12,0,0,0,0,1,0,0,0,0,0,0,0,0,0,0,0,0,0,0,4733.928559624379,-0.0440072177551073,Fair,0.8342131713534965,High,1,0,"New Joiners — Lower tenure, lower income"
782,1,37,4,4473.91,79.0,2020-10-13,0,0,0,0,0,0,0,0,0,0,0,0,0,1,0,0,0,0,0,4012.769995716759,0.551475079221294,Fair,0.195498342763782,Low,1,0,"New Joiners — Lower tenure, lower income"
814,2,27,0,3745.66,92.0,2024-09-19,0,0,0,1,0,0,0,0,0,0,0,1,0,0,0,0,0,0,0,3916.231196842673,-0.2039852613478897,Fair,0.2598612241912259,Low,0,0,"New Joiners — Lower tenure, lower income"
854,1,31,0,2932.07,61.0,2024-02-18,1,0,0,1,0,0,0,0,0,0,0,1,0,0,0,0,0,0,0,3046.2306652892635,-0.1365241821346792,Fair,0.3420678712911908,Medium,0,0,"New Joiners — Lower tenure, lower income"
464,2,31,1,3869.51,67.0,2023-06-18,1,0,0,1,0,0,0,0,0,0,0,1,0,0,0,0,0,0,0,4114.429375767549,-0.2928978854570981,Fair,0.2568796202900764,Low,0,0,"New Joiners — Lower tenure, lower income"
208,1,33,4,3888.78,88.0,2023-11-11,0,0,0,0,0,0,0,0,0,0,0,0,0,1,0,0,0,0,0,4024.309601819018,-0.1620791889789411,Fair,0.1716722638885939,Low,1,0,"New Joiners — Lower tenure, lower income"
514,2,30,7,5793.83,71.0,2017-09-16,0,1,0,0,0,1,0,0,0,0,0,0,0,0,0,0,0,0,0,5456.101555862368,0.4038877971031279,Fair,0.1781965595154138,Low,0,1,"Tenured Employees — Higher tenure, higher income"
219,4,43,0,4704.39,77.0,2024-03-02,0,0,0,0,1,0,0,0,0,0,0,0,0,0,0,0,0,0,0,5566.646546098033,-1.0311683927912316,Fair,0.8096193849896096,High,1,0,"New Joiners — Lower tenure, lower income"
240,2,34,0,2988.34,68.0,2024-01-17,1,0,0,1,0,0,0,0,0,0,0,0,1,0,0,0,0,0,0,3908.476079407692,-1.1003862440311132,Fair,0.3524143271379638,Medium,0,0,"New Joiners — Lower tenure, lower income"
964,2,33,11,6131.63,52.0,2013-01-01,0,0,0,1,0,0,1,0,0,0,0,0,0,0,0,0,0,0,0,6338.299925034154,-0.2471555541099052,Fair,0.0517974598588401,Low,0,1,"Tenured Employees — Higher tenure, higher income"
356,2,36,5,5932.51,57.0,2019-07-14,0,0,0,0,1,0,0,0,0,0,0,0,0,0,0,0,0,0,0,4996.682618673192,1.1191513953703045,Fair,0.7702857956624527,High,1,1,"Tenured Employees — Higher tenure, higher income"
565,3,35,3,5320.05,72.0,2021-07-09,0,0,0,0,1,0,0,0,0,0,0,0,0,0,0,0,0,0,0,5402.059041418959,-0.0980742121553262,Fair,0.7589760607975554,High,1,0,"New Joiners — Lower tenure, lower income"
193,3,41,1,4650.98,76.0,2023-09-01,1,1,0,0,0,0,0,1,0,0,0,0,0,0,0,0,0,0,0,4946.327166706663,-0.3532042343853988,Fair,0.2560142293062692,Low,0,0,"New Joiners — Lower tenure, lower income"
281,3,27,1,5540.93,98.0,2023-01-21,1,0,0,0,0,0,0,0,0,0,0,0,0,1,0,0,0,0,0,5044.838751305479,0.5932731017341162,Fair,0.1737075150152675,Low,0,0,"New Joiners — Lower tenure, lower income"
192,1,22,0,3149.39,74.0,2024-09-19,0,0,0,0,1,0,0,0,0,0,0,0,0,0,0,0,0,0,0,3065.780711194355,0.0999879401905209,Fair,0.8660581045026273,High,1,0,"New Joiners — Lower tenure, lower income"
408,1,38,1,3946.57,54.0,2023-09-23,0,0,0,1,0,0,0,0,0,0,0,1,0,0,0,0,0,0,0,3257.670440143452,0.8238516195052468,Fair,0.3546984671525723,Medium,1,0,"New Joiners — Lower tenure, lower income"
431,2,35,3,3631.26,77.0,2021-07-27,1,1,0,0,0,0,0,1,0,0,0,0,0,0,0,0,0,0,0,4561.366229392435,-1.112309497710288,Fair,0.2060354421404904,Low,0,0,"New Joiners — Lower tenure, lower income"
686,2,37,1,4101.09,64.0,2023-09-17,0,0,1,0,0,0,0,0,0,1,0,0,0,0,0,0,0,0,0,4182.106564531616,-0.0968873138923492,Fair,0.3397230120451355,Medium,0,0,"New Joiners — Lower tenure, lower income"
133,2,37,4,6489.87,72.0,2020-10-04,0,0,0,0,1,0,0,0,0,0,0,0,0,0,0,0,1,0,0,4802.546817176331,2.0178615545747944,Underpaid,0.2294790231664521,Low,0,1,"Tenured Employees — Higher tenure, higher income"
708,2,35,5,4865.15,75.0,2019-03-15,0,0,0,0,0,0,0,0,0,0,0,0,0,1,0,0,0,0,0,5073.91037359619,-0.2496555113368847,Fair,0.13319524409108,Low,0,0,"New Joiners — Lower tenure, lower income"
524,2,32,2,3827.04,68.0,2022-05-11,0,1,0,0,0,0,0,1,0,0,0,0,0,0,0,0,0,0,0,4332.193955363582,-0.604111148383414,Fair,0.2403613687844266,Low,0,0,"New Joiners — Lower tenure, lower income"
253,2,31,25,8807.73,55.0,2005-06-21,0,0,0,0,0,0,0,0,0,0,0,0,0,0,0,0,0,0,1,9679.338494279247,-1.042352341952453,Fair,0.0062665968291498,Low,0,1,"Tenured Employees — Higher tenure, higher income"
721,2,40,2,5777.41,59.0,2022-07-08,0,0,1,0,0,0,0,0,0,0,1,0,0,0,0,0,0,0,0,4398.893052415657,1.6485616858563228,Fair,0.2911967736205376,Low,1,0,"New Joiners — Lower tenure, lower income"
552,2,41,1,3888.78,86.0,2023-04-27,0,0,0,0,1,0,0,0,0,0,0,0,0,0,0,0,1,0,0,4139.676380734074,-0.3000457565088493,Fair,0.2843951031412767,Low,0,0,"New Joiners — Lower tenure, lower income"
264,2,38,0,2803.95,70.0,2024-10-06,1,0,1,0,0,0,0,0,0,0,1,0,0,0,0,0,0,0,0,3962.627460648752,-1.385656716979867,Fair,0.2873331963772181,Low,0,0,"New Joiners — Lower tenure, lower income"
71,2,37,1,3813.51,59.0,2023-09-21,0,1,0,0,0,1,0,0,0,0,0,0,0,0,0,0,0,0,0,4095.867051316397,-0.3376694188252617,Fair,0.386274921592333,Medium,0,0,"New Joiners — Lower tenure, lower income"
273,3,32,3,6759.84,81.0,2021-04-18,0,0,0,0,0,0,0,0,0,0,0,0,0,0,0,0,0,0,1,5614.798564781527,1.3693494607570755,Fair,0.175904286134099,Low,0,1,"Tenured Employees — Higher tenure, higher income"
113,3,34,12,7479.38,92.0,2012-09-18,0,0,0,0,1,0,0,0,0,0,0,0,0,0,0,0,1,0,0,7453.065084404743,0.0314698790558247,Fair,0.0462004187058526,Low,0,1,"Tenured Employees — Higher tenure, higher income"
328,1,26,0,2358.94,77.0,2024-02-01,0,0,0,1,0,0,0,0,0,0,0,1,0,0,0,0,0,0,0,3064.85749321622,-0.844203282905811,Fair,0.2984775306407377,Low,0,0,"New Joiners — Lower tenure, lower income"
116,1,42,1,3011.27,100.0,2023-03-03,1,0,0,0,0,0,0,0,0,0,0,0,0,0,0,0,0,1,0,3315.461680690899,-0.3637813454684231,Fair,0.4105264030072176,Medium,1,0,"New Joiners — Lower tenure, lower income"
324,1,40,4,2975.57,53.0,2020-04-12,0,0,0,1,0,0,0,0,0,0,0,1,0,0,0,0,0,0,0,3926.675991206428,-1.137423010314774,Fair,0.2259026946832411,Low,0,0,"New Joiners — Lower tenure, lower income"
38,4,33,7,7814.6,72.0,2017-08-10,0,1,0,0,0,1,0,0,0,0,0,0,0,0,0,0,0,0,0,7132.298363063015,0.8159611957056078,Fair,0.1340860339923036,Low,0,1,"Tenured Employees — Higher tenure, higher income"
868,2,27,1,4196.46,51.0,2023-08-13,0,0,0,1,0,0,0,0,0,0,0,1,0,0,0,0,0,0,0,4103.851506611216,0.1107500450053679,Fair,0.2640074579731113,Low,0,0,"New Joiners — Lower tenure, lower income"
424,1,35,2,4377.58,93.0,2022-11-15,1,0,0,0,0,0,0,0,0,0,0,0,0,0,0,0,0,0,1,3720.843903008965,0.785387491329337,Fair,0.2652971881059291,Low,1,0,"New Joiners — Lower tenure, lower income"
906,2,55,3,3538.8600000000006,71.0,2021-04-19,0,0,0,1,0,0,0,0,0,0,0,1,0,0,0,0,0,0,0,4544.290220139197,-1.202389090412074,Fair,0.2453375946944928,Low,0,0,"New Joiners — Lower tenure, lower income"
835,2,38,2,3532.25,71.0,2022-03-04,1,0,0,0,1,0,0,0,0,0,0,0,0,0,0,0,1,0,0,4352.981851028427,-0.9815092127364792,Fair,0.2431039072399128,Low,0,0,"New Joiners — Lower tenure, lower income"
948,2,43,6,5411.22,78.0,2018-04-12,0,0,0,0,0,0,0,0,0,0,0,0,0,1,0,0,0,0,0,5293.302809801524,0.1410165919292388,Fair,0.131042546101128,Low,0,1,"Tenured Employees — Higher tenure, higher income"
516,3,42,1,5145.76,57.0,2023-05-19,0,0,0,1,0,0,0,0,0,0,0,0,1,0,0,0,0,0,0,4954.480276691802,0.2287504870213437,Fair,0.3325100327729906,Medium,0,0,"New Joiners — Lower tenure, lower income"
531,2,52,11,6318.16,86.0,2013-08-11,1,0,0,1,0,0,0,0,0,0,0,0,1,0,0,0,0,0,0,6371.125405171609,-0.06334106939692,Fair,0.1081517971906507,Low,0,1,"Tenured Employees — Higher tenure, higher income"
603,4,30,2,7320.74,57.0,2022-04-15,1,0,1,0,0,0,0,0,0,0,1,0,0,0,0,0,0,0,0,6084.062036365061,1.478937137598477,Fair,0.1878916876701732,Low,0,1,"Tenured Employees — Higher tenure, higher income"
755,2,33,2,4489.92,94.0,2024-05-09,0,0,0,1,0,0,0,0,0,0,0,0,1,0,0,0,0,0,0,4380.158520814188,0.1312632169562613,Fair,0.2811515575266604,Low,0,0,"New Joiners — Lower tenure, lower income"
654,3,40,6,6197.29,67.0,2018-01-10,0,0,0,0,0,0,0,0,0,0,0,0,0,1,0,0,0,0,0,6125.251654168206,0.0861503059928807,Fair,0.1083457354961224,Low,0,1,"Tenured Employees — Higher tenure, higher income"
279,1,34,0,3785.09,63.0,2024-04-02,1,0,0,0,0,0,0,0,0,0,0,0,0,1,0,0,0,0,0,3105.7259210375964,0.8124481844688848,Fair,0.3270570100397356,Medium,1,0,"New Joiners — Lower tenure, lower income"
840,4,44,5,5787.712,65.0,2019-03-07,0,0,0,1,0,0,0,0,0,0,0,1,0,0,0,0,0,0,0,6674.600675184787,-1.0606258356791478,Fair,0.1195665629147239,Low,0,1,"Tenured Employees — Higher tenure, higher income"
695,4,30,0,7626.83,70.0,2024-12-13,0,0,0,0,1,0,0,0,0,0,0,0,0,0,0,0,0,0,0,5572.079926805414,2.457265578500851,Underpaid,0.8309234400378642,High,1,1,"Tenured Employees — Higher tenure, higher income"
3,2,34,3,3577.61,73.0,2021-07-18,0,0,0,0,1,0,0,0,0,0,0,0,0,0,0,0,0,0,0,4564.840521958005,-1.180624160232407,Fair,0.7752580175276165,High,1,0,"New Joiners — Lower tenure, lower income"
230,3,36,6,5418.474,70.0,2018-03-06,0,0,0,0,1,0,0,0,0,0,0,0,0,0,0,0,0,0,0,6071.074222223883,-0.7804414188921607,Fair,0.6497430176652235,High,1,1,"Tenured Employees — Higher tenure, higher income"
504,3,29,8,8564.48,54.0,2016-10-18,0,0,1,0,0,0,0,0,0,1,0,0,0,0,0,0,0,0,0,6586.662536018539,2.3652622468305635,Underpaid,0.132696629900953,Low,0,1,"Tenured Employees — Higher tenure, higher income"
991,3,33,2,6394.98,75.0,2022-06-26,0,0,0,0,0,0,0,0,0,0,0,0,0,1,0,0,0,0,0,5243.017670746459,1.3776261241365697,Fair,0.1863620161074372,Low,0,1,"Tenured Employees — Higher tenure, higher income"
869,2,42,2,5229.79,51.0,2022-09-14,1,0,0,0,0,0,0,0,0,0,0,0,0,0,0,0,0,1,0,4335.001945600281,1.0700726647069725,Fair,0.397329581529466,Medium,0,0,"New Joiners — Lower tenure, lower income"
915,3,21,10,8564.61,88.0,2014-10-14,0,1,0,0,0,0,0,1,0,0,0,0,0,0,0,0,0,0,0,6989.866852610327,1.8832276399652863,Fair,0.0638887112153392,Low,0,1,"Tenured Employees — Higher tenure, higher income"
619,3,26,2,4659.39,68.0,2022-03-24,0,0,0,0,0,0,0,0,0,0,0,0,0,0,0,0,0,0,1,5384.770480968173,-0.8674789749140853,Fair,0.1647138425864075,Low,0,0,"New Joiners — Lower tenure, lower income"
200,3,34,2,5599.99,69.0,2022-05-17,0,0,0,1,0,0,1,0,0,0,0,0,0,0,0,0,0,0,0,5176.406303947585,0.5065616736080761,Fair,0.1644431736939172,Low,0,0,"New Joiners — Lower tenure, lower income"
917,1,30,4,4950.75,79.0,2020-09-27,0,0,0,0,0,0,0,0,0,0,0,0,0,0,0,0,0,0,1,4160.715699010879,0.9447981625508888,Fair,0.2053287082645044,Low,1,0,"New Joiners — Lower tenure, lower income"
955,2,47,2,4419.22,62.0,2022-12-19,0,0,1,0,0,0,0,0,0,0,0,0,0,0,1,0,0,0,0,4525.084592659809,-0.1266029493896142,Fair,0.3814945816706914,Medium,0,0,"New Joiners — Lower tenure, lower income"
438,2,29,0,5406.916,65.0,2024-10-26,0,0,0,0,0,0,0,0,0,0,0,0,0,0,0,0,0,0,1,4092.6499120714097,1.5717243965524674,Fair,0.3074068442228657,Medium,0,0,"New Joiners — Lower tenure, lower income"
656,2,43,0,4084.2,81.0,2024-02-01,0,0,0,0,0,0,0,0,0,0,0,0,0,0,0,0,0,0,1,4094.284493704829,-0.0120599967756457,Fair,0.3090672539358277,Medium,0,0,"New Joiners — Lower tenure, lower income"
66,1,34,3,4293.33,78.4,2021-06-25,0,1,0,0,0,1,0,0,0,0,0,0,0,0,0,0,0,0,0,3724.501589535619,0.6802591182947767,Fair,0.3520761283258335,Medium,1,0,"New Joiners — Lower tenure, lower income"
308,2,24,1,3354.01,65.0,2023-02-19,0,0,0,0,1,0,0,0,0,0,0,0,0,0,0,0,0,0,0,4118.920279012902,-0.9147524673585384,Fair,0.8128329675078926,High,1,0,"New Joiners — Lower tenure, lower income"
41,2,34,2,3755.55,49.0,2022-05-11,1,0,0,1,0,0,0,0,0,0,0,0,1,0,0,0,0,0,0,4339.4527365964295,-0.6982864313031115,Fair,0.304365988418758,Medium,0,0,"New Joiners — Lower tenure, lower income"
591,2,31,2,3461.73,63.0,2022-07-17,0,0,0,0,0,0,0,0,0,0,0,0,0,0,0,0,0,1,0,4355.455949999611,-1.0688024992414944,Fair,0.3054444390720596,Medium,0,0,"New Joiners — Lower tenure, lower income"
795,3,32,0,6034.21,71.0,2024-11-08,0,1,0,0,0,0,0,1,0,0,0,0,0,0,0,0,0,0,0,4726.059661232934,1.5644106019954516,Fair,0.2999721234843429,Low,0,0,"New Joiners — Lower tenure, lower income"
697,3,24,3,4761.48,74.0,2021-09-23,0,0,0,0,0,0,0,0,0,0,0,0,0,0,0,0,0,1,0,5434.338456795656,-0.8046681426888017,Fair,0.2113730810394022,Low,0,0,"New Joiners — Lower tenure, lower income"
505,2,21,0,3714.38,82.0,2024-03-20,0,0,0,0,1,0,0,0,0,0,0,0,0,0,0,0,1,0,0,3930.1311905458942,-0.2580157951885359,Fair,0.2606539839207201,Low,0,0,"New Joiners — Lower tenure, lower income"
542,4,22,3,7834.41,75.0,2021-03-27,0,0,0,0,1,0,0,0,0,0,0,0,0,0,0,0,1,0,0,6272.7179707462765,1.8676198715194825,Fair,0.1525287836020007,Low,0,1,"Tenured Employees — Higher tenure, higher income"
50,2,50,7,5537.75,81.0,2017-08-05,0,0,0,0,0,0,0,0,0,0,0,0,0,1,0,0,0,0,0,5513.589574759149,0.0288933345620879,Fair,0.1222831807288747,Low,0,1,"Tenured Employees — Higher tenure, higher income"
604,3,33,4,5580.69,80.0,2020-11-25,0,0,0,0,0,0,0,0,0,0,0,0,0,0,0,0,0,1,0,5655.4906612797295,-0.0894537455477557,Fair,0.2137400077868642,Low,0,1,"Tenured Employees — Higher tenure, higher income"
274,3,25,2,4751.14,72.0,2022-04-15,0,0,1,0,0,0,0,0,0,1,0,0,0,0,0,0,0,0,0,5262.806618058085,-0.6118996098962577,Fair,0.2151673845253028,Low,0,0,"New Joiners — Lower tenure, lower income"
745,2,57,3,4474.04,61.0,2021-03-26,0,1,0,0,0,0,0,1,0,0,0,0,0,0,0,0,0,0,0,4527.535812676524,-0.0639753811418908,Fair,0.2971659891616975,Low,0,0,"New Joiners — Lower tenure, lower income"
702,4,40,1,6591.78,63.0,2023-06-17,0,0,1,0,0,0,0,0,0,0,1,0,0,0,0,0,0,0,0,5856.533973711575,0.8792771323858153,Fair,0.2268665966315778,Low,0,0,"New Joiners — Lower tenure, lower income"
687,2,32,11,6852.9,73.0,2013-03-06,1,0,0,0,1,0,0,0,0,0,0,0,0,0,0,1,0,0,0,6528.622363956139,0.3878020413885851,Fair,0.0986997599492722,Low,0,1,"Tenured Employees — Higher tenure, higher income"
178,1,38,1,3558.5700000000006,66.0,2023-01-24,0,1,0,0,0,0,0,0,1,0,0,0,0,0,0,0,0,0,0,3262.168068412923,0.3544656225551169,Fair,0.3354115391850678,Medium,1,0,"New Joiners — Lower tenure, lower income"
301,2,35,7,6356.71,64.0,2017-12-08,0,0,0,1,0,0,1,0,0,0,0,0,0,0,0,0,0,0,0,5451.5557788831575,1.0824695128625177,Fair,0.1044170792039005,Low,0,1,"Tenured Employees — Higher tenure, higher income"
354,1,27,3,3961.68,75.0,2021-06-04,0,1,0,0,0,0,0,0,1,0,0,0,0,0,0,0,0,0,0,3727.75391416649,0.2797510637088965,Fair,0.2282646662026898,Low,1,0,"New Joiners — Lower tenure, lower income"
203,3,28,3,5772.62,83.0,2021-03-15,0,0,1,0,0,0,0,0,0,1,0,0,0,0,0,0,0,0,0,5493.7482901076255,0.3335013160363629,Fair,0.2027883424569511,Low,0,1,"Tenured Employees — Higher tenure, higher income"
237,2,36,6,4509.63,58.0,2018-08-04,0,0,0,0,0,0,0,0,0,0,0,0,0,0,0,0,0,0,1,5423.554532888769,-1.0929578858821956,Fair,0.1300254283396748,Low,0,0,"New Joiners — Lower tenure, lower income"
150,2,32,3,4141.53,51.0,2021-05-09,1,0,0,1,0,0,0,0,0,0,0,0,1,0,0,0,0,0,0,4566.903761314334,-0.5087024039133167,Fair,0.2668145737393252,Low,0,0,"New Joiners — Lower tenure, lower income"
448,1,35,1,2551.78,65.0,2023-06-04,1,0,0,1,0,0,0,0,0,0,0,0,1,0,0,0,0,0,0,3289.8230755934146,-0.8826221099907232,Fair,0.3733129841617137,Medium,0,0,"New Joiners — Lower tenure, lower income"
218,3,21,0,4100.41,55.0,2024-08-03,0,0,0,1,0,0,0,0,0,0,0,0,1,0,0,0,0,0,0,4747.5988132766015,-0.7739699413578285,Fair,0.2821973429347964,Low,0,0,"New Joiners — Lower tenure, lower income"
723,3,34,1,4527.9,79.2,2023-06-10,0,1,0,0,0,0,0,1,0,0,0,0,0,0,0,0,0,0,0,4955.4185048058025,-0.5112672921812639,Fair,0.2316400256412258,Low,0,0,"New Joiners — Lower tenure, lower income"
474,2,53,3,4666.16,83.0,2021-02-03,0,0,0,0,0,0,0,0,0,0,0,0,0,1,0,0,0,0,0,4617.104109752425,0.0586656995907388,Fair,0.2181114969870867,Low,0,0,"New Joiners — Lower tenure, lower income"
653,2,34,3,3611.21,79.0,2021-07-01,0,0,0,0,0,0,0,0,0,0,0,0,0,0,0,0,0,0,1,4772.242962032668,-1.38847364958219,Fair,0.1754653204285251,Low,0,0,"New Joiners — Lower tenure, lower income"
303,1,39,1,3175.44,78.0,2021-04-07,0,0,0,0,0,0,0,0,0,0,0,0,0,1,0,0,0,0,0,3338.4177316239293,-0.1949042733742269,Fair,0.2773819050225978,Low,1,0,"New Joiners — Lower tenure, lower income"
914,2,40,3,5241.71,58.0,2021-09-18,0,0,0,0,1,0,0,0,0,0,0,0,0,0,0,1,0,0,0,4717.053495241578,0.627434151967225,Fair,0.3308849830431549,Medium,0,0,"New Joiners — Lower tenure, lower income"
978,3,21,2,6227.94,91.0,2022-04-23,0,0,0,0,0,0,0,0,0,0,0,0,0,0,0,0,0,0,1,5409.590201967536,0.97866052719097,Fair,0.1651273896247355,Low,0,1,"Tenured Employees — Higher tenure, higher income"
717,2,32,9,6160.33,70.0,2015-06-05,0,0,0,0,1,0,0,0,0,0,0,0,0,0,0,1,0,0,0,6078.18232853984,0.0982399991446226,Fair,0.1301694395141376,Low,0,1,"Tenured Employees — Higher tenure, higher income"
986,3,43,1,4213.376,73.0,2023-07-25,0,0,0,0,0,0,0,0,0,0,0,0,0,1,0,0,0,0,0,5008.412016010223,-0.9507796891195746,Fair,0.2040087028343853,Low,0,0,"New Joiners — Lower tenure, lower income"
389,2,40,1,3259.45,59.0,2023-02-19,0,0,0,0,1,0,0,0,0,0,0,0,0,0,0,1,0,0,0,4270.152255866653,-1.2086938921934236,Fair,0.3666610218792652,Medium,0,0,"New Joiners — Lower tenure, lower income"
479,1,29,1,3052.87,78.0,2023-10-16,0,0,0,1,0,0,0,0,0,0,0,0,1,0,0,0,0,0,0,3306.690135241632,-0.3035422602467658,Fair,0.35293287980404,Medium,0,0,"New Joiners — Lower tenure, lower income"
492,3,31,0,4259.346,68.0,2024-01-05,0,0,0,1,0,0,1,0,0,0,0,0,0,0,0,0,0,0,0,4730.418652808847,-0.5633534850886175,Fair,0.1920777160586156,Low,0,0,"New Joiners — Lower tenure, lower income"
423,2,42,3,4633.14,69.4,2021-05-13,0,1,0,0,0,1,0,0,0,0,0,0,0,0,0,0,0,0,0,4548.382215647784,0.1013614204061777,Fair,0.3286076245894174,Medium,0,0,"New Joiners — Lower tenure, lower income"
388,3,21,0,4311.22,68.0,2024-05-03,1,0,0,0,0,0,0,0,0,0,0,0,0,0,0,0,0,1,0,4760.0343414125655,-0.5367348791845907,Fair,0.3047989305490179,Medium,0,0,"New Joiners — Lower tenure, lower income"
860,2,38,5,5303.8,78.0,2019-11-02,0,1,0,0,0,1,0,0,0,0,0,0,0,0,0,0,0,0,0,5007.353880531173,0.3545184666271171,Fair,0.2475139652848002,Low,0,1,"Tenured Employees — Higher tenure, higher income"
391,1,38,5,3733.38,79.0,2019-09-15,1,0,0,0,0,0,0,0,0,0,0,0,0,0,0,0,0,1,0,4196.032193253384,-0.5532834986261627,Fair,0.2663860073781583,Low,1,0,"New Joiners — Lower tenure, lower income"
535,1,26,10,5804.7,72.0,2014-04-10,0,0,0,0,1,0,0,0,0,0,0,0,0,0,0,1,0,0,0,5470.213121043322,0.4000112251328728,Fair,0.1271511362449832,Low,0,1,"Tenured Employees — Higher tenure, higher income"
353,2,25,3,5854.54,65.0,2021-02-15,0,0,0,0,0,0,0,0,0,0,0,0,0,0,0,0,0,0,1,4767.906134658479,1.2995001331649476,Fair,0.1997772921009201,Low,0,0,"New Joiners — Lower tenure, lower income"
194,1,48,5,3832.03,73.0,2019-02-09,0,0,0,0,0,0,0,0,0,0,0,0,0,1,0,0,0,0,0,4221.517154572125,-0.4657857861566246,Fair,0.185330978310435,Low,0,0,"New Joiners — Lower tenure, lower income"
770,3,29,5,6937.21,64.0,2019-03-22,0,0,1,0,0,0,0,0,0,0,1,0,0,0,0,0,0,0,0,5923.830618544072,1.211895453612337,Fair,0.140347021286489,Low,1,1,"Tenured Employees — Higher tenure, higher income"
890,2,33,6,4067.29,59.0,2018-12-14,0,0,0,0,1,0,0,0,0,0,0,0,0,0,0,0,1,0,0,5242.408983436297,-1.4053190537920317,Fair,0.1349847734425765,Low,0,0,"New Joiners — Lower tenure, lower income"
481,3,37,4,6732.58,76.0,2020-09-11,0,1,0,0,0,0,0,0,1,0,0,0,0,0,0,0,0,0,0,5621.583389293732,1.3286354213752058,Fair,0.1743543449101225,Low,0,1,"Tenured Employees — Higher tenure, higher income"
56,2,34,7,5612.66,61.0,2017-04-25,0,0,0,0,1,0,0,0,0,0,0,0,0,0,0,1,0,0,0,5620.645441556895,-0.009549750562306,Fair,0.1798094610600243,Low,0,1,"Tenured Employees — Higher tenure, higher income"
117,2,37,5,5540.25,49.0,2019-04-24,0,0,0,0,1,0,0,0,0,0,0,0,0,0,0,0,0,0,0,4988.710697838151,0.6595831581042836,Fair,0.7710348964964658,High,1,1,"Tenured Employees — Higher tenure, higher income"
97,2,27,8,5943.29,64.0,2016-09-02,0,0,0,1,0,0,0,0,0,0,0,1,0,0,0,0,0,0,0,5682.603378094123,0.3117538581171833,Fair,0.099655996900079,Low,0,1,"Tenured Employees — Higher tenure, higher income"
142,2,49,0,3278.47,72.0,2024-12-17,0,0,1,0,0,0,0,0,0,0,1,0,0,0,0,0,0,0,0,3954.559242394233,-0.8085318234091325,Fair,0.3323223618065803,Medium,0,0,"New Joiners — Lower tenure, lower income"
958,3,31,0,4478.16,91.0,2024-05-11,0,0,0,0,0,0,0,0,0,0,0,0,0,0,0,0,0,1,0,4771.439131127556,-0.3507310807352544,Fair,0.3220356926711302,Medium,0,0,"New Joiners — Lower tenure, lower income"
918,2,37,2,4825.33,60.0,2022-02-27,0,0,0,0,0,0,0,0,0,0,0,0,0,0,0,0,0,0,1,4528.857725386629,0.3545497454367526,Fair,0.2480765064171831,Low,0,0,"New Joiners — Lower tenure, lower income"
636,2,21,4,5645.248,74.0,2020-09-17,0,0,0,0,0,0,0,0,0,0,0,0,0,0,0,0,0,0,1,5003.338709953372,0.7676561853087825,Fair,0.1552598949570251,Low,0,1,"Tenured Employees — Higher tenure, higher income"
598,3,32,1,5572.36,77.0,2023-07-26,0,0,0,0,0,0,0,0,0,0,0,0,0,0,0,0,0,0,1,5163.473830354884,0.4889849735505296,Fair,0.2172970884692378,Low,0,0,"New Joiners — Lower tenure, lower income"
674,1,51,4,3643.9,62.0,2020-05-09,0,0,1,0,0,0,0,0,0,0,0,0,0,0,1,0,0,0,0,4130.295668812322,-0.5816782050997559,Fair,0.3582384302285027,Medium,0,0,"New Joiners — Lower tenure, lower income"
121,2,21,7,5761.6,53.0,2017-01-25,0,0,1,0,0,0,0,0,0,0,0,0,0,0,1,0,0,0,0,5659.839695089464,0.1216946517128717,Fair,0.1628931881451976,Low,0,1,"Tenured Employees — Higher tenure, higher income"
811,3,38,1,4077.4699999999993,63.0,2023-12-07,0,0,0,0,0,0,0,0,0,0,0,0,0,1,0,0,0,0,0,5004.036669668243,-1.1080765555209826,Fair,0.1957602617496057,Low,0,0,"New Joiners — Lower tenure, lower income"
930,3,41,0,4908.54,73.0,2024-03-05,1,0,0,0,0,0,0,0,0,0,0,0,0,0,0,0,0,0,1,4927.993106350251,-0.0232638748882334,Fair,0.2664196106876808,Low,0,0,"New Joiners — Lower tenure, lower income"
63,4,29,10,6916.65,78.0,2014-12-03,0,0,0,1,0,0,0,0,0,0,0,0,1,0,0,0,0,0,0,7838.719499646107,-1.102698411852696,Fair,0.058829162054203,Low,0,1,"Tenured Employees — Higher tenure, higher income"
809,3,26,0,2617.54,58.0,2024-01-10,0,0,1,0,0,0,0,0,0,0,1,0,0,0,0,0,0,0,0,4801.740564775713,-2.61207478923263,Overpaid,0.2038851474164566,Low,0,0,"New Joiners — Lower tenure, lower income"
819,2,29,2,4441.97,74.4,2022-03-11,0,0,0,0,1,0,0,0,0,0,0,0,0,0,0,1,0,0,0,4517.507206093786,-0.0903345758940907,Fair,0.3027325199941222,Medium,0,0,"New Joiners — Lower tenure, lower income"
454,2,41,1,3957.17,90.0,2023-12-21,0,0,0,1,0,0,0,0,0,0,0,1,0,0,0,0,0,0,0,4125.83416548254,-0.2017046518569789,Fair,0.2707777911609176,Low,0,0,"New Joiners — Lower tenure, lower income"
780,3,21,1,5444.39,69.0,2023-07-03,0,0,0,1,0,0,0,0,0,0,0,0,1,0,0,0,0,0,0,4983.877568614047,0.5507245678580761,Fair,0.2628693041854521,Low,0,0,"New Joiners — Lower tenure, lower income"
415,3,34,2,5084.51,67.0,2022-02-10,0,0,0,0,1,0,0,0,0,0,0,0,0,0,0,1,0,0,0,5345.486336879374,-0.3121003268392129,Fair,0.2772483413064446,Low,0,0,"New Joiners — Lower tenure, lower income"
4,2,29,1,4523.36,75.2,2023-08-15,0,1,0,0,0,1,0,0,0,0,0,0,0,0,0,0,0,0,0,4117.353805302297,0.4855408255748005,Fair,0.360870773160773,Medium,0,0,"New Joiners — Lower tenure, lower income"
59,2,32,13,6090.25,74.0,2011-08-06,0,0,0,1,0,0,1,0,0,0,0,0,0,0,0,0,0,0,0,6806.443570399276,-0.8564923934275022,Fair,0.0326659694788329,Low,0,1,"Tenured Employees — Higher tenure, higher income"
224,2,37,6,5488.08,88.0,2018-11-23,0,0,0,0,0,0,0,0,0,0,0,0,0,0,0,0,0,1,0,5267.779329514993,0.2634564960310875,Fair,0.2042319077478335,Low,0,1,"Tenured Employees — Higher tenure, higher income"
222,2,21,10,7083.85,69.0,2014-05-07,0,0,1,0,0,0,0,0,0,1,0,0,0,0,0,0,0,0,0,6215.876042353706,1.038005817341764,Fair,0.0915856163334854,Low,0,1,"Tenured Employees — Higher tenure, higher income"
466,2,46,2,4867.93,77.0,2022-12-12,0,1,0,0,0,0,0,1,0,0,0,0,0,0,0,0,0,0,0,4327.635643924596,0.6461353819923412,Fair,0.2971867072712534,Low,0,0,"New Joiners — Lower tenure, lower income"
53,2,31,1,3552.65,71.0,2023-08-11,0,0,0,0,1,0,0,0,0,0,0,0,0,0,0,1,0,0,0,4288.817602761401,-0.8803792411894799,Fair,0.3320680609152328,Medium,0,0,"New Joiners — Lower tenure, lower income"
486,1,34,3,3471.58,66.0,2021-06-07,0,0,0,0,0,0,0,0,0,0,0,0,0,0,0,0,0,0,1,3921.7443276746103,-0.5383493211629362,Fair,0.2290948785876622,Low,0,0,"New Joiners — Lower tenure, lower income"
709,4,36,1,4417.49,70.0,2023-05-04,1,0,0,0,0,0,0,0,0,0,0,0,0,0,0,0,0,1,0,5811.279324565103,-1.6668258469074828,Fair,0.2537999165022909,Low,0,0,"New Joiners — Lower tenure, lower income"
156,2,30,1,3974.8,83.0,2023-05-12,0,0,0,0,0,0,0,0,0,0,0,0,0,0,0,0,0,1,0,4150.151289766142,-0.2097017511322721,Fair,0.3380316286060126,Medium,0,0,"New Joiners — Lower tenure, lower income"
707,2,39,2,4240.9,74.0,2022-05-12,0,0,0,0,0,0,0,0,0,0,0,0,0,0,0,0,0,0,1,4539.454854026858,-0.3570402919874088,Fair,0.2321412000450543,Low,0,0,"New Joiners — Lower tenure, lower income"
249,3,28,1,4449.53,66.0,2023-11-04,0,0,0,0,0,0,0,0,0,0,0,0,0,0,0,0,0,1,0,4975.897611318472,-0.6294804559464823,Fair,0.2925723620942421,Low,0,0,"New Joiners — Lower tenure, lower income"
442,2,28,0,9448.096,74.0,2024-02-13,0,0,0,0,0,0,0,0,0,0,0,0,0,0,0,0,0,0,1,4101.506531916795,6.393960235694251,Underpaid,0.394822599597931,Medium,0,1,"Tenured Employees — Higher tenure, higher income"
904,1,51,8,6313.73,66.0,2016-06-21,0,0,1,0,0,0,0,0,0,0,0,0,0,0,1,0,0,0,0,5029.406341624234,1.5359163912691522,Fair,0.2570618923341296,Low,0,1,"Tenured Employees — Higher tenure, higher income"
569,3,21,1,5113.78,81.2,2023-09-14,0,0,0,0,0,0,0,0,0,0,0,0,0,0,0,0,0,0,1,5177.027182473533,-0.0756369966629302,Fair,0.180242515592449,Low,0,0,"New Joiners — Lower tenure, lower income"
925,2,46,0,3786.0,68.0,2024-04-13,0,0,1,0,0,0,0,0,0,1,0,0,0,0,0,0,0,0,0,3953.703432609732,-0.2005557161059687,Fair,0.4038080507740078,Medium,0,0,"New Joiners — Lower tenure, lower income"
292,2,39,6,5866.54,81.0,2018-04-26,0,0,1,0,0,0,0,0,0,0,0,0,0,0,1,0,0,0,0,5444.620380645208,0.5045716124116331,Fair,0.2186280008803384,Low,1,1,"Tenured Employees — Higher tenure, higher income"
382,2,38,7,6544.08,58.0,2017-12-24,0,1,0,0,0,1,0,0,0,0,0,0,0,0,0,0,0,0,0,5437.445838709567,1.323418389422109,Fair,0.2183758736162024,Low,0,1,"Tenured Employees — Higher tenure, higher income"
952,2,32,6,6475.11,54.0,2018-04-21,0,0,0,0,0,0,0,0,0,0,0,0,0,1,0,0,0,0,0,5281.907649828481,1.4269448637635498,Fair,0.1358129819233862,Low,1,1,"Tenured Employees — Higher tenure, higher income"
762,2,29,4,4830.12,63.0,2020-01-09,0,0,0,0,1,0,0,0,0,0,0,0,0,0,0,0,0,0,0,4784.35814480866,0.0547263791528636,Fair,0.759277438280488,High,1,0,"New Joiners — Lower tenure, lower income"
963,3,40,1,4658.58,80.0,2023-02-26,0,0,0,1,0,0,1,0,0,0,0,0,0,0,0,0,0,0,0,4956.879051354983,-0.3567343788212833,Fair,0.1837450494121203,Low,0,0,"New Joiners — Lower tenure, lower income"
506,3,36,0,4840.22,68.0,2024-02-10,0,0,0,1,0,0,1,0,0,0,0,0,0,0,0,0,0,0,0,4725.94700904739,0.1366585118469529,Fair,0.2145215050063998,Low,0,0,"New Joiners — Lower tenure, lower income"
815,2,39,0,3998.69,65.0,2024-08-10,1,0,0,1,0,0,0,0,0,0,0,1,0,0,0,0,0,0,0,3881.612378535896,0.1400125557796988,Fair,0.3249344963409348,Medium,0,0,"New Joiners — Lower tenure, lower income"
861,2,34,5,5366.96,73.0,2019-11-16,1,0,0,0,0,0,0,0,0,0,0,0,0,0,0,0,0,1,0,5033.298861424077,0.399023726243895,Fair,0.2364143784509793,Low,0,1,"Tenured Employees — Higher tenure, higher income"
341,1,42,0,3744.93,67.0,2024-12-25,0,0,0,1,0,0,0,0,0,0,0,0,1,0,0,0,0,0,0,3061.439203155427,0.8173833062320257,Fair,0.4742372702942615,Medium,1,0,"New Joiners — Lower tenure, lower income"
155,2,28,4,5548.73,52.0,2020-10-08,0,0,0,0,0,0,0,0,0,0,0,0,0,0,0,0,0,0,1,4977.61503045977,0.6829936031275502,Fair,0.1806811371246734,Low,0,0,"New Joiners — Lower tenure, lower income"
916,2,21,2,3480.24,81.0,2022-06-23,0,0,0,0,0,0,0,0,0,0,0,0,0,0,0,0,0,0,1,4561.74566464051,-1.2933673429893286,Fair,0.1708673670711531,Low,0,0,"New Joiners — Lower tenure, lower income"
777,3,33,1,5873.75,43.0,2023-06-07,0,0,1,0,0,0,0,0,0,0,0,0,0,0,1,0,0,0,0,5135.900492026312,0.882390623419548,Fair,0.3599537073363308,Medium,0,0,"New Joiners — Lower tenure, lower income"
838,3,22,1,4472.97,68.0,2023-12-03,0,1,0,0,0,0,0,1,0,0,0,0,0,0,0,0,0,0,0,4956.241820917451,-0.5779424106570745,Fair,0.2068983922147953,Low,0,0,"New Joiners — Lower tenure, lower income"
323,2,32,4,3626.06,81.0,2020-03-24,0,0,0,0,1,0,0,0,0,0,0,0,0,0,0,1,0,0,0,4968.449171690449,-1.6053566550888394,Fair,0.2179470705847151,Low,0,0,"New Joiners — Lower tenure, lower income"
643,2,37,1,5123.76,62.0,2023-09-26,0,0,0,1,0,0,0,0,0,0,0,0,1,0,0,0,0,0,0,4124.377868281389,1.1951562110047371,Fair,0.3783076495014962,Medium,0,0,"New Joiners — Lower tenure, lower income"
624,3,31,11,7366.22,71.2,2013-12-10,0,1,0,0,0,0,0,0,1,0,0,0,0,0,0,0,0,0,0,7189.953590906272,0.2107961378672994,Fair,0.0535297835091894,Low,0,1,"Tenured Employees — Higher tenure, higher income"
83,2,26,4,5408.0,100.0,2020-05-26,0,0,0,0,1,0,0,0,0,0,0,0,0,0,0,1,0,0,0,4990.624425400729,0.4991374114785973,Fair,0.2224883494029571,Low,1,1,"Tenured Employees — Higher tenure, higher income"
621,1,40,6,5037.39,68.0,2018-08-06,0,1,0,0,0,0,0,0,1,0,0,0,0,0,0,0,0,0,0,4381.613654892199,0.7842397287389681,Fair,0.191572612296282,Low,1,1,"Tenured Employees — Higher tenure, higher income"
465,3,31,10,5565.21,58.0,2014-11-09,1,0,0,1,0,0,0,0,0,0,0,0,1,0,0,0,0,0,0,6980.239314711061,-1.6922266474010503,Fair,0.0750667403369597,Low,0,1,"Tenured Employees — Higher tenure, higher income"
761,4,55,10,8623.87,73.0,2014-09-02,0,0,1,0,0,0,0,0,0,1,0,0,0,0,0,0,0,0,0,7867.00275526435,0.9051338419432045,Fair,0.0976983593437343,Low,0,1,"Tenured Employees — Higher tenure, higher income"
334,2,26,6,4058.72,88.0,2018-01-03,0,0,0,0,1,0,0,0,0,0,0,0,0,0,0,0,0,0,0,5256.944544709396,-1.4329508816863394,Fair,0.6334110942746822,High,1,0,"New Joiners — Lower tenure, lower income"
11,3,31,9,4620.052,82.0,2015-09-03,1,1,0,0,0,1,0,0,0,0,0,0,0,0,0,0,0,0,0,6751.722401832714,-2.549254223891471,Overpaid,0.0865654163848661,Low,0,1,"Tenured Employees — Higher tenure, higher income"
471,2,22,1,2771.14,61.0,2023-09-08,1,0,0,0,0,0,0,0,0,0,0,0,0,1,0,0,0,0,0,4177.57898446063,-1.6819535134040189,Fair,0.1837285851098152,Low,0,0,"New Joiners — Lower tenure, lower income"
33,2,21,4,5604.16,90.0,2020-03-09,0,0,0,0,1,0,0,0,0,0,0,0,0,0,0,0,0,0,0,4815.399648106271,0.9432746530488288,Fair,0.7319984420444624,High,1,1,"Tenured Employees — Higher tenure, higher income"
934,1,31,3,4017.02,68.0,2021-03-13,0,0,1,0,0,0,0,0,0,1,0,0,0,0,0,0,0,0,0,3799.7997242484175,0.2597726670119831,Fair,0.2978384225570673,Low,1,0,"New Joiners — Lower tenure, lower income"
383,2,38,1,3733.12,62.0,2023-04-17,0,0,0,0,0,0,0,0,0,0,0,0,0,1,0,0,0,0,0,4164.15442343431,-0.5154719620996878,Fair,0.2408382819650583,Low,0,0,"New Joiners — Lower tenure, lower income"
726,3,45,8,4041.11,70.0,2016-04-27,0,0,0,0,1,0,0,0,0,0,0,0,0,0,0,0,0,0,0,6510.811201838529,-2.9535036069008527,Overpaid,0.5575308456171577,Medium,0,1,"Tenured Employees — Higher tenure, higher income"
631,1,21,1,3375.55,73.0,2023-08-09,0,0,0,1,0,0,0,0,0,0,0,1,0,0,0,0,0,0,0,3289.6833101289367,0.1026875551010096,Fair,0.2703219737412919,Low,0,0,"New Joiners — Lower tenure, lower income"
959,1,21,3,3737.77,57.0,2021-07-23,0,0,0,1,0,0,0,0,0,0,0,1,0,0,0,0,0,0,0,3723.3140643487054,0.0172877828522086,Fair,0.2198508362030284,Low,0,0,"New Joiners — Lower tenure, lower income"
968,4,38,0,6118.77,61.0,2024-07-27,1,0,0,0,1,0,0,0,0,0,0,0,0,0,0,1,0,0,0,5727.812436646467,0.4675442408378131,Fair,0.3350924079330505,Medium,0,0,"New Joiners — Lower tenure, lower income"
379,4,39,8,7782.24,85.0,2020-11-14,1,0,0,1,0,0,0,0,0,0,0,1,0,0,0,0,0,0,0,7368.445206731022,0.4948551725718533,Fair,0.0759498270239767,Low,0,1,"Tenured Employees — Higher tenure, higher income"
90,2,33,2,4351.38,84.0,2022-07-12,0,0,0,1,0,0,1,0,0,0,0,0,0,0,0,0,0,0,0,4351.573570631444,-0.0002314901728727,Fair,0.1771288530396322,Low,0,0,"New Joiners — Lower tenure, lower income"
214,2,41,1,4211.53,93.0,2023-05-22,0,0,0,0,1,0,0,0,0,0,0,0,0,0,0,1,0,0,0,4299.337693466048,-0.1050087918216812,Fair,0.3631340342365152,Medium,0,0,"New Joiners — Lower tenure, lower income"
987,2,25,2,4282.83,73.0,2022-06-26,0,0,0,0,0,0,0,0,0,0,0,0,0,0,0,0,0,1,0,4369.668912616797,-0.1038502315349422,Fair,0.2966274259328469,Low,0,0,"New Joiners — Lower tenure, lower income"
134,2,40,0,3247.56,78.0,2024-07-24,0,0,0,1,0,0,0,0,0,0,0,1,0,0,0,0,0,0,0,3892.219136918072,-0.7709447137539199,Fair,0.2998907583913358,Low,0,0,"New Joiners — Lower tenure, lower income"
347,2,22,4,4438.99,78.0,2020-02-05,0,0,0,0,1,0,0,0,0,0,0,0,0,0,0,0,0,0,0,4803.888931229856,-0.4363808499341326,Fair,0.7193747103072159,High,1,0,"New Joiners — Lower tenure, lower income"
8,3,31,3,5931.19,51.0,2021-03-01,0,0,0,0,0,0,0,0,0,0,0,0,0,1,0,0,0,0,0,5447.466521195427,0.5784825461186871,Fair,0.1613897219451576,Low,0,0,"New Joiners — Lower tenure, lower income"
658,2,31,0,3677.93,82.0,2024-04-16,0,0,0,1,0,0,0,0,0,0,0,1,0,0,0,0,0,0,0,3903.80689173007,-0.2701250717875032,Fair,0.2780808512377235,Low,0,0,"New Joiners — Lower tenure, lower income"
321,2,41,3,5258.69,64.0,2021-01-10,0,1,0,0,0,1,0,0,0,0,0,0,0,0,0,0,0,0,0,4544.499169744218,0.8540973262699483,Fair,0.3449894036069311,Medium,0,0,"New Joiners — Lower tenure, lower income"
832,2,46,1,3830.23,74.0,2023-12-13,0,0,0,0,0,0,0,0,0,0,0,0,0,0,0,0,0,1,0,4127.879738636386,-0.3559578689119242,Fair,0.3991458641181526,Medium,0,0,"New Joiners — Lower tenure, lower income"
188,1,29,5,4796.4,78.0,2019-02-26,0,0,0,0,0,0,0,0,0,0,0,0,0,0,0,0,0,0,1,4384.618297945461,0.4924477266191045,Fair,0.1723790700812141,Low,1,0,"New Joiners — Lower tenure, lower income"
553,2,42,4,4845.273999999999,69.0,2020-01-16,0,0,1,0,0,0,0,0,0,1,0,0,0,0,0,0,0,0,0,4853.737323399779,-0.0101212471245539,Fair,0.2515006999732744,Low,0,0,"New Joiners — Lower tenure, lower income"
305,1,36,0,3009.25,67.0,2024-08-10,0,0,0,0,0,0,0,0,0,0,0,0,0,0,0,0,0,1,0,3067.7396166706712,-0.0699474469520744,Fair,0.4659194179682344,Medium,1,0,"New Joiners — Lower tenure, lower income"
32,2,46,6,5654.8,85.0,2018-08-10,0,1,0,0,0,1,0,0,0,0,0,0,0,0,0,0,0,0,0,5230.285112777881,0.507675280580607,Fair,0.2373303432603736,Low,0,1,"Tenured Employees — Higher tenure, higher income"
652,2,37,6,5858.94,65.0,2018-03-18,0,0,0,1,0,0,0,0,0,0,0,1,0,0,0,0,0,0,0,5226.758851196284,0.7560223487021549,Fair,0.1562083248290259,Low,1,1,"Tenured Employees — Higher tenure, higher income"
241,2,36,2,4407.152,78.0,2022-12-11,0,1,0,0,0,0,0,1,0,0,0,0,0,0,0,0,0,0,0,4337.463630457853,0.0833399808238137,Fair,0.2560791162011241,Low,0,0,"New Joiners — Lower tenure, lower income"
880,4,27,1,5984.65,71.0,2023-10-12,0,1,0,0,0,1,0,0,0,0,0,0,0,0,0,0,0,0,0,5793.421821410614,0.2286888449438257,Fair,0.2641901913825036,Low,0,0,"New Joiners — Lower tenure, lower income"
175,2,36,1,3915.67,82.0,2023-06-12,0,0,0,0,1,0,0,0,0,0,0,0,0,0,0,0,1,0,0,4140.609228454156,-0.2690037248547614,Fair,0.2728366819428199,Low,0,0,"New Joiners — Lower tenure, lower income"
246,4,22,1,5608.16,81.0,2023-11-18,0,0,0,0,1,0,0,0,0,0,0,0,0,0,0,0,0,0,0,5812.859215130162,-0.244798791759358,Fair,0.735404897514182,High,1,0,"New Joiners — Lower tenure, lower income"
57,2,38,3,5674.04,47.0,2021-04-26,0,0,1,0,0,0,0,0,0,0,1,0,0,0,0,0,0,0,0,4613.958290988749,1.267746539072647,Fair,0.255062843081897,Low,1,0,"New Joiners — Lower tenure, lower income"
799,3,34,1,5142.23,87.0,2023-10-09,0,0,0,0,0,0,0,0,0,0,0,0,0,0,0,0,0,0,1,5170.5321629537375,-0.0338464184674374,Fair,0.2080758259229363,Low,0,0,"New Joiners — Lower tenure, lower income"
146,2,40,4,6077.43,75.0,2020-07-20,0,0,0,0,1,0,0,0,0,0,0,0,0,0,0,0,1,0,0,4802.517927950488,1.5246611211415133,Fair,0.2276171907269629,Low,0,1,"Tenured Employees — Higher tenure, higher income"
91,3,21,8,5275.082,58.0,2016-11-23,0,0,0,0,0,0,0,0,0,0,0,0,0,0,0,0,0,0,1,6723.752949781999,-1.7324585144990172,Fair,0.0618176322718169,Low,0,1,"Tenured Employees — Higher tenure, higher income"
393,2,31,0,4057.01,79.0,2024-08-09,0,0,0,0,1,0,0,0,0,0,0,0,0,0,0,1,0,0,0,4072.002225651516,-0.0179291294445898,Fair,0.3803217999965492,Medium,0,0,"New Joiners — Lower tenure, lower income"
311,2,37,10,6223.04,61.0,2014-08-21,0,0,0,0,1,0,0,0,0,0,0,0,0,0,0,1,0,0,0,6289.641362877924,-0.0796482446289551,Fair,0.1224945215806685,Low,0,1,"Tenured Employees — Higher tenure, higher income"
360,3,30,5,5333.85,76.0,2019-04-09,0,0,0,0,0,0,0,0,0,0,0,0,0,0,0,0,0,0,1,6059.94966561966,-0.8683390443267792,Fair,0.1106488431892141,Low,0,1,"Tenured Employees — Higher tenure, higher income"
94,3,46,11,5768.818,69.0,2013-11-13,0,0,0,0,1,0,0,0,0,0,0,0,0,0,0,1,0,0,0,7351.560512606274,-1.8927940417642384,Fair,0.0833179764848687,Low,0,1,"Tenured Employees — Higher tenure, higher income"
738,3,28,4,5376.0,59.0,2020-10-18,0,0,0,0,1,0,0,0,0,0,0,0,0,0,0,0,1,0,0,5638.092236036075,-0.3134348251914022,Fair,0.1524526479546905,Low,0,0,"New Joiners — Lower tenure, lower income"
377,2,42,0,3585.51,63.0,2024-07-16,1,0,1,0,0,0,0,0,0,1,0,0,0,0,0,0,0,0,0,3952.85725256718,-0.4393087854654647,Fair,0.3887616422654661,Medium,0,0,"New Joiners — Lower tenure, lower income"
244,3,21,1,6085.5,74.0,2023-10-08,1,0,0,1,0,0,0,0,0,0,0,1,0,0,0,0,0,0,0,4968.563103586459,1.3357393800441295,Fair,0.213991859433282,Low,0,0,"New Joiners — Lower tenure, lower income"
875,3,21,4,4578.9,86.0,2020-09-09,0,0,0,0,0,0,0,0,0,0,0,0,0,0,0,0,0,1,0,5671.530800369289,-1.3066718384796132,Fair,0.1656800708222714,Low,0,0,"New Joiners — Lower tenure, lower income"
88,3,42,4,6978.72,84.0,2020-10-15,1,1,0,0,0,0,0,0,1,0,0,0,0,0,0,0,0,0,0,5624.189337615024,1.6198766045194617,Fair,0.1848563991765399,Low,0,1,"Tenured Employees — Higher tenure, higher income"
215,3,34,0,5270.67,71.0,2024-04-06,0,0,0,1,0,0,0,0,0,0,0,1,0,0,0,0,0,0,0,4730.389763583004,0.646118496361802,Fair,0.2705676875887984,Low,0,0,"New Joiners — Lower tenure, lower income"
445,4,21,2,4582.07,67.0,2022-04-08,0,0,0,0,0,0,0,0,0,0,0,0,0,0,0,0,0,1,0,6045.933128011078,-1.7506267662546815,Fair,0.1877385888920985,Low,0,0,"New Joiners — Lower tenure, lower income"
174,1,33,1,4253.966,60.0,2023-09-04,0,0,0,0,0,0,0,0,0,0,0,0,0,0,0,0,0,0,1,3469.544523979571,0.938085812580134,Fair,0.3217778645357302,Medium,1,0,"New Joiners — Lower tenure, lower income"
426,3,32,7,4915.36,84.0,2017-08-22,0,0,0,1,0,0,1,0,0,0,0,0,0,0,0,0,0,0,0,6310.930292570495,-1.6689556978480686,Fair,0.0614283093173838,Low,0,1,"Tenured Employees — Higher tenure, higher income"
823,2,25,4,5773.32,66.0,2020-05-16,0,0,0,1,0,0,1,0,0,0,0,0,0,0,0,0,0,0,0,4790.589556848857,1.1752425379626723,Fair,0.1407450845689361,Low,0,1,"Tenured Employees — Higher tenure, higher income"
119,3,37,0,4987.69,75.0,2024-06-15,0,0,0,0,0,0,0,0,0,0,0,0,0,0,0,0,0,0,1,4933.339819380104,0.0649971155932045,Fair,0.254830426977811,Low,0,0,"New Joiners — Lower tenure, lower income"
120,1,31,1,3760.42,68.0,2023-01-08,1,0,1,0,0,0,0,0,0,1,0,0,0,0,0,0,0,0,0,3352.0137858631497,0.4884109971019784,Fair,0.375178729289872,Medium,1,0,"New Joiners — Lower tenure, lower income"
677,2,35,0,3666.41,96.0,2024-06-17,1,1,0,0,0,0,0,0,1,0,0,0,0,0,0,0,0,0,0,3906.496603011063,-0.2871183961176644,Fair,0.2797399293428811,Low,0,0,"New Joiners — Lower tenure, lower income"
1,3,26,2,5201.3,61.0,2022-05-02,0,0,0,0,0,0,0,0,0,0,0,0,0,1,0,0,0,0,0,5236.892185867688,-0.042564521270607,Fair,0.1605419458016515,Low,0,0,"New Joiners — Lower tenure, lower income"
395,3,23,2,5579.43,63.0,2022-05-19,0,0,0,0,0,0,0,0,0,0,0,0,0,0,0,0,0,0,1,5383.029972173329,0.2348738341908242,Fair,0.1750197506652273,Low,0,0,"New Joiners — Lower tenure, lower income"
402,3,47,7,7746.88,84.0,2017-01-24,0,0,0,0,0,0,0,0,0,0,0,0,0,1,0,0,0,0,0,6357.924205270643,1.6610454521806592,Fair,0.1102338779974534,Low,0,1,"Tenured Employees — Higher tenure, higher income"
405,2,29,2,5192.418,73.0,2022-05-22,0,0,0,0,0,0,0,0,0,0,0,0,0,0,0,0,0,0,1,4547.513442539428,0.7712382109822246,Fair,0.2241035063338628,Low,0,0,"New Joiners — Lower tenure, lower income"
657,2,26,6,4866.34,78.0,2018-07-16,0,1,0,0,0,0,0,1,0,0,0,0,0,0,0,0,0,0,0,5241.978794751305,-0.4492246002730836,Fair,0.1279169762652454,Low,0,1,"Tenured Employees — Higher tenure, higher income"
664,4,26,0,6044.4,80.0,2024-08-03,0,0,0,0,0,0,0,0,0,0,0,0,0,0,0,0,0,0,1,5786.598477930617,0.3083035813116284,Fair,0.1909044995265371,Low,0,0,"New Joiners — Lower tenure, lower income"
163,2,36,5,3749.0,75.0,2019-02-15,1,0,0,1,0,0,1,0,0,0,0,0,0,0,0,0,0,0,0,5012.607200859378,-1.5111416808907028,Fair,0.1107790704095288,Low,0,0,"New Joiners — Lower tenure, lower income"
115,2,47,2,4993.43,53.0,2022-08-23,0,0,0,0,0,0,0,0,0,0,0,0,0,0,0,0,0,1,0,4332.299699859511,0.7906424974174043,Fair,0.4076127230713547,Medium,0,0,"New Joiners — Lower tenure, lower income"
151,3,35,6,6302.88,53.0,2018-12-06,0,0,0,1,0,0,1,0,0,0,0,0,0,0,0,0,0,0,0,6056.928667800332,0.2941319971148819,Fair,0.0977610633158653,Low,0,1,"Tenured Employees — Higher tenure, higher income"
626,2,36,10,5043.12,91.0,2014-08-15,0,1,0,0,0,0,0,0,1,0,0,0,0,0,0,0,0,0,0,6140.108471133397,-1.3118831556664443,Fair,0.0666941634353845,Low,0,1,"Tenured Employees — Higher tenure, higher income"
628,2,25,5,6029.67,95.0,2019-11-01,1,0,0,0,1,0,0,0,0,0,0,0,0,0,0,1,0,0,0,5210.988228293936,0.9790575328860898,Fair,0.2030304030779496,Low,1,1,"Tenured Employees — Higher tenure, higher income"
774,2,33,4,5160.23,82.0,2020-03-01,0,0,1,0,0,0,0,0,0,0,0,0,0,0,1,0,0,0,0,5003.085113784031,0.1879288020345844,Fair,0.2554408865891803,Low,1,0,"New Joiners — Lower tenure, lower income"
544,1,25,1,3106.45,89.0,2023-01-14,0,1,0,0,0,1,0,0,0,0,0,0,0,0,0,0,0,0,0,3294.142419430617,-0.2244604478321497,Fair,0.3679406801952593,Medium,0,0,"New Joiners — Lower tenure, lower income"
478,2,35,4,5100.22,69.0,2020-07-13,0,0,0,0,1,0,0,0,0,0,0,0,0,0,0,0,0,0,0,4784.300366356973,0.3778067471323525,Fair,0.7765436189907227,High,1,0,"New Joiners — Lower tenure, lower income"
533,1,29,7,4857.52,100.0,2017-04-12,0,0,0,0,1,0,0,0,0,0,0,0,0,0,0,1,0,0,0,4820.622799498168,0.0441251818987579,Fair,0.1780501496647333,Low,1,1,"Tenured Employees — Higher tenure, higher income"
513,3,28,1,4486.51,54.0,2023-10-17,1,0,0,0,0,0,0,0,0,0,0,0,0,0,0,0,0,1,0,4965.281223194347,-0.57256016781794,Fair,0.3032278931933683,Medium,0,0,"New Joiners — Lower tenure, lower income"
259,2,25,13,6999.02,77.0,2011-04-12,0,0,0,0,0,0,0,0,0,0,0,0,0,1,0,0,0,0,0,6875.766812680867,0.1473978848283725,Fair,0.035441883869511,Low,0,1,"Tenured Employees — Higher tenure, higher income"
625,2,27,6,6809.49,50.0,2018-11-07,1,0,0,0,0,0,0,0,0,0,0,0,0,0,0,0,0,0,1,5424.525899576644,1.6562718044528928,Fair,0.1469869559769999,Low,0,1,"Tenured Employees — Higher tenure, higher income"
898,2,27,1,3433.55,60.0,2023-06-09,1,1,0,0,0,0,0,1,0,0,0,0,0,0,0,0,0,0,0,4105.695037849655,-0.8038149684551426,Fair,0.2591734089739552,Low,0,0,"New Joiners — Lower tenure, lower income"
136,2,37,5,3824.21,76.0,2019-08-19,0,0,0,0,1,0,0,0,0,0,0,0,0,0,0,0,1,0,0,5029.97858241034,-1.4419727595328369,Fair,0.1542223719275572,Low,0,0,"New Joiners — Lower tenure, lower income"
617,4,27,2,4063.604,88.0,2022-05-22,0,0,0,0,1,0,0,0,0,0,0,0,0,0,0,0,1,0,0,6055.854444926654,-2.3825225782618413,Overpaid,0.1291399167861889,Low,0,0,"New Joiners — Lower tenure, lower income"
982,3,47,2,4750.97,83.0,2022-02-07,0,0,0,1,0,0,0,0,0,0,0,1,0,0,0,0,0,0,0,5177.1658163126085,-0.5096854954713832,Fair,0.2188869942960585,Low,0,0,"New Joiners — Lower tenure, lower income"
704,2,38,5,6211.25,86.0,2019-03-23,0,0,0,0,0,0,0,0,0,0,0,0,0,0,0,0,0,0,1,5222.6444784811765,1.1822685154926067,Fair,0.1667474823656983,Low,0,1,"Tenured Employees — Higher tenure, higher income"
593,2,24,0,3177.62,66.0,2024-06-02,0,1,0,0,0,0,0,0,1,0,0,0,0,0,0,0,0,0,0,3889.793248975958,-0.8516845106699318,Fair,0.2595361673850595,Low,0,0,"New Joiners — Lower tenure, lower income"
846,3,46,7,5924.35,76.0,2017-01-09,0,0,0,0,1,0,0,0,0,0,0,0,0,0,0,1,0,0,0,6462.181528908142,-0.6431900990098208,Fair,0.1599894442210924,Low,0,1,"Tenured Employees — Higher tenure, higher income"
502,3,43,0,5091.12,61.0,2024-02-18,0,1,0,0,0,0,0,0,1,0,0,0,0,0,0,0,0,0,0,4707.37505485429,0.4589187059447064,Fair,0.3033038421016531,Medium,0,0,"New Joiners — Lower tenure, lower income"
539,3,47,2,6327.01,58.0,2019-04-14,0,0,0,0,0,0,0,0,0,0,0,0,0,1,0,0,0,0,0,5215.457185038536,1.3293005833278635,Fair,0.2311849821856362,Low,0,0,"New Joiners — Lower tenure, lower income"
713,2,31,3,4004.48,82.0,2023-12-26,0,0,0,0,1,0,0,0,0,0,0,0,0,0,0,0,1,0,0,4592.866810600883,-0.7036489135078026,Fair,0.1943511989392269,Low,0,0,"New Joiners — Lower tenure, lower income"
582,3,28,3,5480.72,85.0,2021-11-25,1,0,0,0,0,0,0,0,0,0,0,0,0,0,0,0,0,1,0,5440.492830900271,0.0481074750836316,Fair,0.2277018200418206,Low,0,0,"New Joiners — Lower tenure, lower income"
344,2,21,0,3880.82,65.0,2024-07-16,0,0,0,1,0,0,0,0,0,0,0,1,0,0,0,0,0,0,0,3897.7102960771417,-0.0201990225976825,Fair,0.2654691450573318,Low,0,0,"New Joiners — Lower tenure, lower income"
752,1,40,1,3006.31,62.0,2023-03-12,0,1,0,0,0,0,0,0,1,0,0,0,0,0,0,0,0,0,0,3256.8406148669646,-0.2996083388945307,Fair,0.3324200697426361,Medium,0,0,"New Joiners — Lower tenure, lower income"
663,2,31,5,5940.08,65.0,2019-02-24,0,0,1,0,0,0,0,0,0,0,1,0,0,0,0,0,0,0,0,5083.929112826245,1.0238666650996655,Fair,0.1686450800051105,Low,1,1,"Tenured Employees — Higher tenure, higher income"
294,3,36,6,5856.65,79.0,2018-06-16,0,0,0,0,1,0,0,0,0,0,0,0,0,0,0,0,0,0,0,6079.036513316976,-0.2659509452879707,Fair,0.652471500911415,High,1,1,"Tenured Employees — Higher tenure, higher income"
365,4,35,1,6715.73,81.0,2023-02-11,0,0,0,1,0,0,0,0,0,0,0,1,0,0,0,0,0,0,0,5801.232941350373,1.0936425666437704,Fair,0.2065867210022069,Low,0,1,"Tenured Employees — Higher tenure, higher income"
669,1,29,3,3879.72,78.0,2021-02-09,0,1,0,0,0,1,0,0,0,0,0,0,0,0,0,0,0,0,0,3728.619353692939,0.1807005250435686,Fair,0.3254114135241675,Medium,1,0,"New Joiners — Lower tenure, lower income"
15,2,26,7,5614.02,60.0,2017-04-27,1,0,0,0,1,0,0,0,0,0,0,0,0,0,0,1,0,0,0,5626.915372564883,-0.015421513077921,Fair,0.1631075161464907,Low,0,1,"Tenured Employees — Higher tenure, higher income"
87,1,41,13,5692.69,79.0,2011-12-16,0,0,0,1,0,0,0,0,0,0,0,0,1,0,0,0,0,0,0,5983.558519536089,-0.3478482421048431,Fair,0.0836143842464089,Low,1,1,"Tenured Employees — Higher tenure, higher income"
371,2,32,1,4466.04,79.0,2023-10-23,0,0,1,0,0,0,0,0,0,1,0,0,0,0,0,0,0,0,0,4199.848693448228,0.3183368836039915,Fair,0.3186549573201208,Medium,0,0,"New Joiners — Lower tenure, lower income"
166,2,29,2,4218.87,89.0,2023-10-26,1,0,0,0,0,0,0,0,0,0,0,0,0,0,0,0,0,1,0,4380.24678177313,-0.1929897052656308,Fair,0.2948240694121645,Low,0,0,"New Joiners — Lower tenure, lower income"
935,2,45,2,3244.52,76.4,2022-02-13,0,0,0,0,0,0,0,0,0,0,0,0,0,0,0,0,0,0,1,4536.212159137934,-1.5447283453477727,Fair,0.2276237719739135,Low,0,0,"New Joiners — Lower tenure, lower income"
336,2,29,7,5610.776,64.0,2017-09-16,0,0,0,0,1,0,0,0,0,0,0,0,0,0,0,0,0,0,0,5456.921751396907,0.1839935445826314,Fair,0.6606395081702777,High,1,1,"Tenured Employees — Higher tenure, higher income"
60,2,36,7,4792.68,79.0,2017-12-15,0,0,1,0,0,0,0,0,0,0,0,0,0,0,1,0,0,0,0,5669.426938074029,-1.04849738179389,Fair,0.1659156627340364,Low,0,1,"Tenured Employees — Higher tenure, higher income"
355,3,39,3,6720.56,70.0,2020-11-16,1,1,0,0,0,0,0,1,0,0,0,0,0,0,0,0,0,0,0,5390.593568534452,1.5905003607182815,Fair,0.2269082332514795,Low,0,1,"Tenured Employees — Higher tenure, higher income"
425,3,36,2,4019.426,45.0,2022-01-12,0,0,0,0,1,0,0,0,0,0,0,0,0,0,0,0,1,0,0,5170.765881487662,-1.376881741892976,Fair,0.2124838411498686,Low,0,0,"New Joiners — Lower tenure, lower income"
293,2,41,6,5137.75,83.0,2018-09-24,0,0,1,0,0,0,0,0,0,0,1,0,0,0,0,0,0,0,0,5314.803376682152,-0.2117372685632678,Fair,0.1433593988309431,Low,0,1,"Tenured Employees — Higher tenure, higher income"
42,4,38,3,6312.66,94.0,2021-06-03,0,1,0,0,0,0,0,1,0,0,0,0,0,0,0,0,0,0,0,6251.718220758582,0.0728799761957,Fair,0.1574818210394353,Low,0,1,"Tenured Employees — Higher tenure, higher income"
330,2,37,1,2916.68,84.0,2023-01-22,0,0,0,0,1,0,0,0,0,0,0,0,0,0,0,0,1,0,0,4141.484297722553,-1.4647374785169407,Fair,0.2533966034574874,Low,0,0,"New Joiners — Lower tenure, lower income"
615,3,37,0,5798.65,56.0,2024-02-26,0,0,1,0,0,0,0,0,0,0,0,0,0,0,1,0,0,0,0,4919.93129495898,1.0508554082809165,Fair,0.4046615686137165,Medium,0,0,"New Joiners — Lower tenure, lower income"
430,2,24,7,4114.35,63.0,2017-06-13,0,0,0,0,1,0,0,0,0,0,0,0,0,0,0,0,0,0,0,5460.50869614802,-1.6098646109797987,Fair,0.6065143488858229,High,1,0,"New Joiners — Lower tenure, lower income"
80,3,21,14,7857.98,75.0,2010-11-14,0,0,0,0,0,0,0,0,0,0,0,0,0,0,0,0,0,1,0,7900.728803181852,-0.051123084968458,Fair,0.0432689748717323,Low,0,1,"Tenured Employees — Higher tenure, higher income"
255,3,34,2,4539.84,79.0,2022-08-15,0,0,0,0,1,0,0,0,0,0,0,0,0,0,0,0,0,0,0,5185.253294051022,-0.7718466065864122,Fair,0.7699390225470891,High,1,0,"New Joiners — Lower tenure, lower income"
797,1,27,5,3575.01,58.0,2019-09-08,0,0,0,0,1,0,0,0,0,0,0,0,0,0,0,0,0,0,0,4166.618729230569,-0.7075019902633374,Fair,0.752704089021595,High,1,0,"New Joiners — Lower tenure, lower income"
459,2,34,0,3443.0,69.0,2024-07-20,0,0,0,0,0,0,0,0,0,0,0,0,0,1,0,0,0,0,0,3950.031662323248,-0.606356688967006,Fair,0.253504715396895,Low,0,0,"New Joiners — Lower tenure, lower income"
384,2,45,2,4401.43,72.0,2022-03-13,0,1,0,0,0,0,0,1,0,0,0,0,0,0,0,0,0,0,0,4324.106477625168,0.0924708228114141,Fair,0.2876832353923962,Low,0,0,"New Joiners — Lower tenure, lower income"
314,2,52,0,2610.39,79.6,2024-10-08,1,0,1,0,0,0,0,0,0,0,1,0,0,0,0,0,0,0,0,3958.5999686159703,-1.6123177177071712,Fair,0.3199896684806506,Medium,0,0,"New Joiners — Lower tenure, lower income"
85,2,34,0,3902.05,65.0,2024-11-02,0,0,0,1,0,0,0,0,0,0,0,0,1,0,0,0,0,0,0,3905.82198237666,-0.0045108953043947,Fair,0.3779616984581097,Medium,0,0,"New Joiners — Lower tenure, lower income"
575,3,26,1,4642.03,53.0,2023-10-05,1,0,0,0,1,0,0,0,0,0,0,0,0,0,0,0,1,0,0,4962.893791900692,-0.3837194418487141,Fair,0.2246550142774294,Low,0,0,"New Joiners — Lower tenure, lower income"
137,1,51,0,2442.98,79.0,2024-01-22,1,1,0,0,0,0,0,0,1,0,0,0,0,0,0,0,0,0,0,3038.149912574968,-0.7117607920344531,Fair,0.3847196413428594,Medium,0,0,"New Joiners — Lower tenure, lower income"
112,2,34,0,3646.56,70.0,2024-06-07,1,0,0,0,0,0,0,0,0,0,0,0,0,0,0,0,0,1,0,3911.1799184298734,-0.3164576682226279,Fair,0.3993616094950012,Medium,0,0,"New Joiners — Lower tenure, lower income"
195,2,29,2,4812.82,82.0,2022-05-05,0,0,0,0,0,0,0,0,0,0,0,0,0,1,0,0,0,0,0,4413.790331604441,0.4771976318387795,Fair,0.1923985162843453,Low,0,0,"New Joiners — Lower tenure, lower income"
179,2,51,1,4621.25,69.0,2023-06-16,1,0,0,0,1,0,0,0,0,0,0,0,0,0,0,0,1,0,0,4115.693210035316,0.604592896315696,Fair,0.3486130629966373,Medium,0,0,"New Joiners — Lower tenure, lower income"
939,1,29,1,3580.66,52.0,2023-02-21,0,0,0,0,1,0,0,0,0,0,0,0,0,0,0,1,0,0,0,3434.799431845864,0.1744339411695416,Fair,0.4124680348237381,Medium,0,0,"New Joiners — Lower tenure, lower income"
130,2,22,0,3122.56,75.0,2024-02-14,0,0,0,0,0,0,0,0,0,0,0,0,0,0,0,0,0,0,1,4107.757203440888,-1.1781925245471612,Fair,0.2307388174136065,Low,0,0,"New Joiners — Lower tenure, lower income"
338,2,31,1,3992.62,77.0,2023-05-22,0,0,0,0,1,0,0,0,0,0,0,0,0,0,0,1,0,0,0,4294.125796823462,-0.3605693100674259,Fair,0.3374002633536573,Medium,0,0,"New Joiners — Lower tenure, lower income"
609,3,44,1,4898.51,51.0,2023-01-02,0,1,0,0,0,0,0,0,1,0,0,0,0,0,0,0,0,0,0,4921.526705191196,-0.0275255653398731,Fair,0.2717756715524912,Low,0,0,"New Joiners — Lower tenure, lower income"
125,2,38,14,6146.51,75.0,2010-05-15,0,0,0,0,0,0,0,0,0,0,0,0,0,0,0,0,0,1,0,7046.527667169307,-1.0763267330801722,Fair,0.0615821035080258,Low,0,1,"Tenured Employees — Higher tenure, higher income"
105,2,33,11,5346.5,87.0,2013-02-15,0,0,0,1,0,0,1,0,0,0,0,0,0,0,0,0,0,0,0,6369.264390396183,-1.2231189399738476,Fair,0.0419333121197728,Low,0,1,"Tenured Employees — Higher tenure, higher income"
227,3,33,1,6551.13,89.0,2023-07-21,1,1,0,0,0,0,0,1,0,0,0,0,0,0,0,0,0,0,0,4964.982883859463,1.8968655905050456,Fair,0.2622038623360322,Low,0,1,"Tenured Employees — Higher tenure, higher income"
269,3,36,6,6581.47,38.0,2018-12-17,0,0,0,0,1,0,0,0,0,0,0,0,0,0,0,0,0,0,0,6042.763853892884,0.644236049447026,Fair,0.7044357939626092,High,1,1,"Tenured Employees — Higher tenure, higher income"
153,2,47,0,4252.59,53.0,2024-05-21,0,0,0,0,1,0,0,0,0,0,0,0,0,0,0,0,0,0,0,3863.84136039344,0.4649025997157227,Fair,0.8956560428010223,High,1,0,"New Joiners — Lower tenure, lower income"
585,2,37,1,3864.43,59.0,2023-08-06,0,0,1,0,0,0,0,0,0,0,1,0,0,0,0,0,0,0,0,4177.683069479896,-0.3746178160713901,Fair,0.2781162424844166,Low,0,0,"New Joiners — Lower tenure, lower income"
104,3,29,13,7375.1,76.0,2011-07-11,0,0,0,0,1,0,0,0,0,0,0,0,0,0,0,0,1,0,0,7667.274513193335,-0.3494100735419386,Fair,0.0376966031925954,Low,0,1,"Tenured Employees — Higher tenure, higher income"
594,2,21,4,4848.07,62.0,2020-11-14,0,1,0,0,0,1,0,0,0,0,0,0,0,0,0,0,0,0,0,4784.509315961995,0.0760119116529497,Fair,0.2369550336585521,Low,0,0,"New Joiners — Lower tenure, lower income"
977,2,39,1,4294.05,60.0,2023-10-21,1,0,0,1,0,0,0,0,0,0,0,1,0,0,0,0,0,0,0,4101.081852676811,0.2307696650557318,Fair,0.2957988467570096,Low,0,0,"New Joiners — Lower tenure, lower income"
228,2,41,4,6413.62,67.0,2020-01-05,0,0,0,1,0,0,0,0,0,0,0,1,0,0,0,0,0,0,0,4777.164995822537,1.9570285481381444,Fair,0.2317088812561004,Low,1,1,"Tenured Employees — Higher tenure, higher income"
937,2,42,2,5340.41,41.0,2022-11-23,0,1,0,0,0,0,0,1,0,0,0,0,0,0,0,0,0,0,0,4299.363794561387,1.2449820733068653,Fair,0.3252466939426057,Medium,0,0,"New Joiners — Lower tenure, lower income"
302,2,35,3,3778.36,79.0,2021-08-16,0,0,1,0,0,0,0,0,0,0,1,0,0,0,0,0,0,0,0,4644.951645576623,-1.0363527170879352,Fair,0.1904619187407452,Low,0,0,"New Joiners — Lower tenure, lower income"
276,2,25,1,4687.25,66.0,2023-07-14,0,0,0,0,1,0,0,0,0,0,0,0,0,0,0,0,0,0,0,4118.910649270954,0.6796742541455318,Fair,0.8352829549004297,High,1,0,"New Joiners — Lower tenure, lower income"
127,2,38,3,5225.92,60.0,2021-09-01,0,0,0,0,1,0,0,0,0,0,0,0,0,0,0,1,0,0,0,4720.611550766848,0.6042959068475876,Fair,0.3220992273538189,Medium,0,0,"New Joiners — Lower tenure, lower income"
406,3,42,1,5973.93,81.0,2023-09-05,0,0,0,0,1,0,0,0,0,0,0,0,0,0,0,0,1,0,0,4973.356104153652,1.1965814359053144,Fair,0.276610869358221,Low,0,0,"New Joiners — Lower tenure, lower income"
943,2,31,4,5323.08,82.0,2020-12-26,0,0,0,0,0,0,0,0,0,0,0,0,0,1,0,0,0,0,0,4859.787612485127,0.5540491038171943,Fair,0.1513208304005984,Low,1,0,"New Joiners — Lower tenure, lower income"
37,2,43,6,5929.37,63.0,2018-05-03,0,0,0,0,0,0,0,0,0,0,0,0,0,0,0,0,0,0,1,5421.717726674448,0.6070988746340107,Fair,0.1596591468073068,Low,0,1,"Tenured Employees — Higher tenure, higher income"
140,2,36,0,3367.35,72.0,2024-11-21,0,0,1,0,0,0,0,0,0,0,1,0,0,0,0,0,0,0,0,3966.185516174022,-0.7161444694781922,Fair,0.2919579947913666,Low,0,0,"New Joiners — Lower tenure, lower income"
304,3,35,0,4320.28,69.0,2024-02-27,1,0,0,0,0,0,0,0,0,0,0,0,0,0,0,0,0,0,1,4929.820282822625,-0.7289462476382972,Fair,0.2401417519008342,Low,0,0,"New Joiners — Lower tenure, lower income"
268,4,43,7,8406.35,59.0,2017-01-10,0,0,1,0,0,0,0,0,0,0,0,0,0,0,1,0,0,0,0,7323.467751048292,1.2950135934447695,Fair,0.1629012595907628,Low,0,1,"Tenured Employees — Higher tenure, higher income"
534,2,44,0,3005.32,64.0,2024-06-19,1,0,0,0,1,0,0,0,0,0,0,0,0,0,0,0,0,0,0,3876.256035764095,-1.0415481520980212,Fair,0.8728863280811794,High,1,0,"New Joiners — Lower tenure, lower income"
546,1,33,4,3614.2,69.0,2020-08-10,0,0,0,1,0,0,0,0,0,0,0,1,0,0,0,0,0,0,0,3947.091476637968,-0.39810329129081,Fair,0.2088513175252775,Low,1,0,"New Joiners — Lower tenure, lower income"
213,2,50,2,3707.0,75.0,2022-10-19,0,0,0,1,0,0,0,0,0,0,0,1,0,0,0,0,0,0,0,4328.407690749395,-0.7431384228253956,Fair,0.2670528120849294,Low,0,0,"New Joiners — Lower tenure, lower income"
469,4,46,1,6490.24,51.0,2018-06-10,0,0,1,0,0,0,0,0,0,1,0,0,0,0,0,0,0,0,0,5840.551613073701,0.7769591692792462,Fair,0.3067329071404966,Medium,0,0,"New Joiners — Lower tenure, lower income"
199,2,23,3,5270.54,85.0,2021-08-11,1,1,0,0,0,0,0,0,1,0,0,0,0,0,0,0,0,0,0,4579.175766502683,0.8267991106764158,Fair,0.1861596517794049,Low,0,0,"New Joiners — Lower tenure, lower income"
673,4,38,0,5801.9,87.0,2024-04-10,1,0,1,0,0,0,0,0,0,0,0,0,0,0,1,0,0,0,0,5785.460182750933,0.019660297167027,Fair,0.3121771836102844,Medium,0,0,"New Joiners — Lower tenure, lower income"
528,2,31,1,4041.82,82.0,2023-08-20,0,0,0,0,0,0,0,0,0,0,0,0,0,0,0,0,0,0,1,4329.794106935305,-0.3443868282099501,Fair,0.2344896423595961,Low,0,0,"New Joiners — Lower tenure, lower income"
676,1,26,12,7606.01,76.0,2012-03-12,0,0,0,0,1,0,0,0,0,0,0,0,0,0,0,1,0,0,0,5921.537855469965,2.014452011802013,Underpaid,0.1068740318432202,Low,0,1,"Tenured Employees — Higher tenure, higher income"
975,3,44,0,3636.576,78.0,2024-02-04,0,0,0,0,0,0,0,0,0,0,0,0,0,0,0,0,0,0,1,4929.733615145095,-1.5464808770304252,Fair,0.2452877442799732,Low,0,0,"New Joiners — Lower tenure, lower income"
242,1,33,15,7305.57,65.0,2009-02-17,0,0,0,0,0,0,0,0,0,0,0,0,0,1,0,0,0,0,0,6466.78418570009,1.0030998592492986,Fair,0.0399580504838694,Low,0,1,"Tenured Employees — Higher tenure, higher income"
343,2,25,9,6897.99,82.0,2015-12-13,1,0,0,0,0,0,0,0,0,0,0,0,0,0,0,0,0,1,0,5944.8819880583305,1.139817217135512,Fair,0.1267546414685073,Low,0,1,"Tenured Employees — Higher tenure, higher income"
550,2,37,4,4284.73,72.0,2020-05-09,0,0,0,0,1,0,0,0,0,0,0,0,0,0,0,1,0,0,0,4956.015236835899,-0.8027867366214883,Fair,0.2506067440764209,Low,0,0,"New Joiners — Lower tenure, lower income"
387,3,31,0,6557.88,65.0,2024-09-02,0,0,0,0,0,0,0,0,0,0,0,0,0,0,0,0,0,0,1,4929.858801790416,1.946942600766257,Fair,0.2777001769481345,Low,0,0,"New Joiners — Lower tenure, lower income"
911,3,34,5,7038.58,67.0,2019-04-25,0,1,0,0,0,0,0,1,0,0,0,0,0,0,0,0,0,0,0,5840.197053650147,1.4331403134346343,Fair,0.1636787970606297,Low,0,1,"Tenured Employees — Higher tenure, higher income"
207,2,45,2,4060.62,68.0,2024-08-07,0,0,0,0,0,0,0,0,0,0,0,0,0,0,0,0,0,1,0,4347.358842519249,-0.3429095815269996,Fair,0.3627318105758021,Medium,0,0,"New Joiners — Lower tenure, lower income"
696,2,32,3,4540.9,67.0,2021-01-20,0,0,0,1,0,0,0,0,0,0,0,1,0,0,0,0,0,0,0,4561.320985400526,-0.0244213567179807,Fair,0.2058910011252723,Low,0,0,"New Joiners — Lower tenure, lower income"
818,4,34,1,5763.81,79.0,2023-02-17,0,0,0,0,0,0,0,0,0,0,0,0,0,1,0,0,0,0,0,5860.766716066497,-0.1159500632718164,Fair,0.160728008871752,Low,0,0,"New Joiners — Lower tenure, lower income"
74,2,38,1,3222.16,64.4,2023-01-13,0,0,0,0,0,0,0,0,0,0,0,0,0,0,0,0,0,0,1,4307.963103087215,-1.298506628641913,Fair,0.2504687766451594,Low,0,0,"New Joiners — Lower tenure, lower income"
793,2,37,2,4174.88,75.0,2023-03-19,0,0,1,0,0,0,0,0,0,0,0,0,0,0,1,0,0,0,0,4545.528967317191,-0.4432572900116247,Fair,0.3290336220993384,Medium,0,0,"New Joiners — Lower tenure, lower income"
734,2,22,3,3565.03,51.0,2021-10-15,0,0,0,0,0,0,0,0,0,0,0,0,0,0,0,0,0,0,1,4758.203334770541,-1.426910164387212,Fair,0.1644703241077496,Low,0,0,"New Joiners — Lower tenure, lower income"
756,1,36,1,4450.438,94.0,2023-05-10,0,0,0,0,1,0,0,0,0,0,0,0,0,0,0,0,0,0,0,3294.847058061783,1.3819655643264437,Fair,0.8758717045890523,High,1,0,"New Joiners — Lower tenure, lower income"
17,2,28,16,7188.72,51.0,2008-12-05,0,0,0,0,0,0,0,0,0,0,0,0,0,1,0,0,0,0,0,7521.760559732958,-0.3982815790360866,Fair,0.0241565307918789,Low,0,1,"Tenured Employees — Higher tenure, higher income"
440,3,33,2,5862.1,100.0,2022-09-04,0,0,1,0,0,0,0,0,0,0,1,0,0,0,0,0,0,0,0,5280.423560329378,0.6956240136812925,Fair,0.1906912904358636,Low,0,0,"New Joiners — Lower tenure, lower income"
92,1,21,0,4168.97,64.0,2024-09-10,0,0,0,0,1,0,0,0,0,0,0,0,0,0,0,0,0,0,0,3057.828049843209,1.328809232114345,Fair,0.8808364256195028,High,1,0,"New Joiners — Lower tenure, lower income"
89,2,25,10,7295.23,85.0,2014-02-27,0,0,0,0,1,0,0,0,0,0,0,0,0,0,0,1,0,0,0,6321.60608415367,1.1643520864290675,Fair,0.1062219191524026,Low,0,1,"Tenured Employees — Higher tenure, higher income"
451,2,39,1,3063.7,72.0,2023-03-11,0,0,0,0,1,0,0,0,0,0,0,0,0,0,0,0,0,0,0,4111.698240800935,-1.2532959784475506,Fair,0.8372675142292058,High,1,0,"New Joiners — Lower tenure, lower income"
718,2,42,0,4403.41,52.0,2024-12-13,0,0,0,1,0,0,0,0,0,0,0,0,1,0,0,0,0,0,0,3887.1662652238606,0.6173733614277858,Fair,0.4325191951529306,Medium,0,0,"New Joiners — Lower tenure, lower income"
103,3,38,11,6842.52,77.0,2013-06-01,0,0,0,0,0,0,0,0,0,0,0,0,0,0,0,0,0,1,0,7215.615704835681,-0.4461833314617478,Fair,0.083789893727719,Low,0,1,"Tenured Employees — Higher tenure, higher income"
239,2,34,1,4405.13,96.0,2023-06-22,1,0,0,0,1,0,0,0,0,0,0,0,0,0,0,1,0,0,0,4308.252091763119,0.1158558173732248,Fair,0.3409299753512639,Medium,0,0,"New Joiners — Lower tenure, lower income"
769,1,30,0,3444.84,91.0,2024-06-18,1,0,0,1,0,0,0,0,0,0,0,1,0,0,0,0,0,0,0,3073.665964351866,0.4438852166645158,Fair,0.3248788341955864,Medium,0,0,"New Joiners — Lower tenure, lower income"
247,3,27,12,8672.92,77.0,2012-04-05,0,0,1,0,0,0,0,0,0,1,0,0,0,0,0,0,0,0,0,7504.371147531565,1.3974618662517158,Fair,0.0608540225346882,Low,0,1,"Tenured Employees — Higher tenure, higher income"
821,3,25,1,6007.8,55.0,2023-02-21,0,0,0,0,1,0,0,0,0,0,0,0,0,0,0,0,1,0,0,4965.557518673671,1.2464126937991695,Fair,0.247021975650861,Low,0,0,"New Joiners — Lower tenure, lower income"
158,2,29,0,4475.85,80.0,2024-06-15,0,1,0,0,0,0,0,1,0,0,0,0,0,0,0,0,0,0,0,3897.707391359312,0.6913979224094745,Fair,0.3104204597071157,Medium,0,0,"New Joiners — Lower tenure, lower income"
480,3,32,2,6459.62,69.0,2022-11-01,0,0,0,0,1,0,0,0,0,0,0,0,0,0,0,1,0,0,0,5349.044392404645,1.328131945810764,Fair,0.2998157794167592,Low,0,1,"Tenured Employees — Higher tenure, higher income"
646,2,42,0,3699.6,37.0,2024-01-02,0,0,0,0,1,0,0,0,0,0,0,0,0,0,0,1,0,0,0,4025.007250941874,-0.3891529423288319,Fair,0.4514061763261591,Medium,0,0,"New Joiners — Lower tenure, lower income"
974,3,38,2,5998.73,79.0,2022-11-03,0,0,0,0,1,0,0,0,0,0,0,0,0,0,0,0,0,0,0,5181.675979041856,0.9771109137155032,Fair,0.8062901900622115,High,1,0,"New Joiners — Lower tenure, lower income"
872,3,33,0,4211.0,31.0,2024-12-21,0,1,0,0,0,0,0,0,1,0,0,0,0,0,0,0,0,0,0,4689.777372066894,-0.5725675212245918,Fair,0.2766353449678972,Low,0,0,"New Joiners — Lower tenure, lower income"
19,1,35,4,3269.89,57.0,2020-01-14,0,1,0,0,0,1,0,0,0,0,0,0,0,0,0,0,0,0,0,3928.567671154607,-0.7877094103901952,Fair,0.3081274362888554,Medium,0,0,"New Joiners — Lower tenure, lower income"
751,2,23,0,3287.68,61.0,2024-08-09,0,1,0,0,0,0,0,1,0,0,0,0,0,0,0,0,0,0,0,3886.2640826765305,-0.7158437813863764,Fair,0.2802633305216812,Low,0,0,"New Joiners — Lower tenure, lower income"
122,2,30,3,5032.67,83.0,2021-06-12,0,0,0,0,1,0,0,0,0,0,0,0,0,0,0,1,0,0,0,4748.114258023085,0.340298822249233,Fair,0.2735484526286095,Low,1,0,"New Joiners — Lower tenure, lower income"
886,3,26,1,4759.882,79.0,2023-05-01,0,0,0,0,0,0,0,0,0,0,0,0,0,0,0,0,0,0,1,5170.609200889319,-0.4911866538251004,Fair,0.1872198666898559,Low,0,0,"New Joiners — Lower tenure, lower income"
275,3,31,0,4598.57,77.8,2024-04-19,0,0,0,0,0,0,0,0,0,0,0,0,0,0,0,0,0,1,0,4759.761104191019,-0.1927676543519094,Fair,0.336307510857217,Medium,0,0,"New Joiners — Lower tenure, lower income"
951,1,34,3,2568.99,76.0,2021-10-02,0,0,0,1,0,0,1,0,0,0,0,0,0,0,0,0,0,0,0,3728.497071765448,-1.3866488448630554,Fair,0.1720717127319901,Low,0,0,"New Joiners — Lower tenure, lower income"
312,2,41,3,5615.35,61.2,2021-06-14,0,0,0,0,1,0,0,0,0,0,0,0,0,0,0,1,0,0,0,4718.990203322386,1.0719523036217635,Fair,0.3404659410913773,Medium,0,0,"New Joiners — Lower tenure, lower income"
806,3,31,2,5065.45,86.0,2022-12-19,0,0,0,1,0,0,0,0,0,0,0,0,1,0,0,0,0,0,0,5213.867133459609,-0.1774913251337927,Fair,0.2361402397498581,Low,0,0,"New Joiners — Lower tenure, lower income"
902,1,21,0,3348.07,83.0,2024-05-16,0,0,1,0,0,0,0,0,0,0,0,0,0,0,1,0,0,0,0,3280.1323338277466,0.0812463232130283,Fair,0.4005735119155842,Medium,0,0,"New Joiners — Lower tenure, lower income"
547,2,39,1,5941.09,63.0,2023-04-12,1,0,1,0,0,0,0,0,0,0,0,0,0,0,1,0,0,0,0,4309.230952495849,1.9515322659961265,Fair,0.4360584098645272,Medium,1,0,"New Joiners — Lower tenure, lower income"
182,2,21,1,3735.07,86.0,2023-11-18,0,0,0,0,1,0,0,0,0,0,0,0,0,0,0,0,1,0,0,4157.562955779903,-0.5052572626426284,Fair,0.2238097670875387,Low,0,0,"New Joiners — Lower tenure, lower income"
185,4,36,1,5741.44,71.0,2023-02-04,1,0,0,0,1,0,0,0,0,0,0,0,0,0,0,0,1,0,0,5808.872633787553,-0.0806423574504073,Fair,0.2080590842622756,Low,0,0,"New Joiners — Lower tenure, lower income"
407,1,22,0,2816.11,63.0,2024-01-18,1,0,0,0,1,0,0,0,0,0,0,0,0,0,0,0,0,0,0,3056.049022080574,-0.2869419048035798,Fair,0.8668822953603678,High,0,0,"New Joiners — Lower tenure, lower income"
720,3,33,3,6763.72,82.0,2021-09-17,0,0,0,0,1,0,0,0,0,0,0,0,0,0,0,0,0,0,0,5412.694689026979,1.6156845718837087,Fair,0.7743663403329131,High,1,1,"Tenured Employees — Higher tenure, higher income"
607,2,33,0,3188.864,57.0,2024-09-13,0,1,0,0,0,0,0,1,0,0,0,0,0,0,0,0,0,0,0,3873.7819991122415,-0.8190900904544236,Fair,0.3130240689540001,Medium,0,0,"New Joiners — Lower tenure, lower income"
693,2,33,7,6362.28,67.0,2017-02-05,0,0,0,0,0,0,0,0,0,0,0,0,0,0,0,0,0,1,0,5476.670934499575,1.0590955567063822,Fair,0.1927733328921844,Low,0,1,"Tenured Employees — Higher tenure, higher income"
521,3,31,1,4679.77,80.0,2023-04-26,0,0,0,0,1,0,0,0,0,0,0,0,0,0,0,0,0,0,0,4964.928010125606,-0.3410190717871751,Fair,0.7959387023375948,High,1,0,"New Joiners — Lower tenure, lower income"
381,4,23,0,3468.0640000000003,56.0,2024-02-15,0,0,0,0,1,0,0,0,0,0,0,0,0,0,0,0,0,0,0,5565.954441926643,-2.508856934798654,Overpaid,0.7487931286644348,High,1,0,"New Joiners — Lower tenure, lower income"
411,3,26,0,5738.53,54.0,2024-04-24,0,0,0,1,0,0,0,0,0,0,0,1,0,0,0,0,0,0,0,4722.504510425492,1.2150599213895148,Fair,0.2696326810930196,Low,0,0,"New Joiners — Lower tenure, lower income"
635,2,36,4,4628.47,75.4,2020-01-08,0,0,0,0,1,0,0,0,0,0,0,0,0,0,0,1,0,0,0,4959.917542223358,-0.3963764971755938,Fair,0.252212860716175,Low,0,0,"New Joiners — Lower tenure, lower income"
370,1,25,2,3102.93,74.0,2022-10-16,0,0,1,0,0,0,0,0,0,0,1,0,0,0,0,0,0,0,0,3586.580921631595,-0.5783957753498441,Fair,0.2374596226515238,Low,0,0,"New Joiners — Lower tenure, lower income"
859,1,21,4,3755.77,63.0,2020-11-27,0,0,0,1,0,0,0,0,0,0,0,1,0,0,0,0,0,0,0,3952.5152276034023,-0.2352866569180908,Fair,0.1860805162584591,Low,0,0,"New Joiners — Lower tenure, lower income"
883,3,42,1,5364.2,48.0,2023-01-26,0,0,0,1,0,0,0,0,0,0,0,1,0,0,0,0,0,0,0,4926.7800255194015,0.5231084114131607,Fair,0.2773696506807236,Low,0,0,"New Joiners — Lower tenure, lower income"
801,4,33,7,5729.8,92.0,2017-10-02,1,0,1,0,0,0,0,0,0,0,0,0,0,0,1,0,0,0,0,7361.606105912549,-1.95146895340526,Fair,0.0991592578789839,Low,0,1,"Tenured Employees — Higher tenure, higher income"
79,2,29,1,4687.27,87.0,2023-05-05,0,0,0,0,1,0,0,0,0,0,0,0,0,0,0,1,0,0,0,4304.761444431482,0.4574401136870474,Fair,0.3385900366789953,Medium,0,0,"New Joiners — Lower tenure, lower income"
574,2,50,1,5022.1,81.0,2023-11-15,1,1,0,0,0,0,0,0,1,0,0,0,0,0,0,0,0,0,0,4103.70415576417,1.0983051052872366,Fair,0.3317425843115004,Medium,0,0,"New Joiners — Lower tenure, lower income"
638,2,38,6,3897.26,75.0,2018-03-17,1,1,0,0,0,0,0,1,0,0,0,0,0,0,0,0,0,0,0,5228.592752692776,-1.5921343376017183,Fair,0.1382783040841765,Low,0,0,"New Joiners — Lower tenure, lower income"
608,4,41,7,8448.42,53.0,2017-09-18,0,0,0,0,0,0,0,0,0,0,0,0,0,0,0,0,0,1,0,7135.1256127836095,1.5705623444158876,Fair,0.1642470212985322,Low,0,1,"Tenured Employees — Higher tenure, higher income"
843,4,28,1,4595.87,78.0,2023-09-04,1,1,0,0,0,1,0,0,0,0,0,0,0,0,0,0,0,0,0,5798.720385730729,-1.4384829023742207,Fair,0.2339412896486122,Low,0,0,"New Joiners — Lower tenure, lower income"
69,3,26,11,4917.25,75.0,2013-09-01,0,0,1,0,0,0,0,0,0,1,0,0,0,0,0,0,0,0,0,7279.603109070535,-2.825126546976286,Overpaid,0.0492136153013731,Low,0,1,"Tenured Employees — Higher tenure, higher income"
881,4,39,0,5867.38,72.0,2024-11-17,0,0,0,0,0,0,0,0,0,0,0,0,0,0,0,0,0,0,1,5767.894612068079,0.1189740896073265,Fair,0.225457225582764,Low,0,0,"New Joiners — Lower tenure, lower income"
980,2,43,0,2830.64,63.0,2024-11-03,0,0,0,1,0,0,0,0,0,0,0,0,1,0,0,0,0,0,0,3896.00362558535,-1.2740631573102443,Fair,0.3848638050871365,Medium,0,0,"New Joiners — Lower tenure, lower income"
417,4,30,0,5888.64,78.0,2024-07-26,1,0,0,0,1,0,0,0,0,0,0,0,0,0,0,1,0,0,0,5750.006949840641,0.1657905876939787,Fair,0.2894025749040258,Low,0,0,"New Joiners — Lower tenure, lower income"
790,4,42,4,7120.59,62.0,2017-07-14,0,0,1,0,0,0,0,0,0,0,1,0,0,0,0,0,0,0,0,6525.539524774552,0.7116179574914158,Fair,0.154784199680196,Low,0,1,"Tenured Employees — Higher tenure, higher income"
562,2,40,0,3771.24,62.0,2024-12-03,1,1,0,0,0,0,0,1,0,0,0,0,0,0,0,0,0,0,0,3871.94519289792,-0.1204328484094483,Fair,0.3460798415843062,Medium,0,0,"New Joiners — Lower tenure, lower income"
68,2,26,5,5070.65,70.0,2019-10-11,0,0,0,0,0,0,0,0,0,0,0,0,0,0,0,0,0,0,1,5219.221239343175,-0.1776756196073981,Fair,0.1356674365350452,Low,0,0,"New Joiners — Lower tenure, lower income"
537,2,39,0,4329.1,62.0,2024-02-06,0,0,0,0,1,0,0,0,0,0,0,0,0,0,0,0,0,0,0,3878.958281504864,0.538322282955611,Fair,0.8809210640284597,High,1,0,"New Joiners — Lower tenure, lower income"
78,1,38,1,3362.59,63.0,2023-05-19,0,0,0,1,0,0,0,0,0,0,0,1,0,0,0,0,0,0,0,3265.632731236545,0.1159507242394106,Fair,0.3325614651101251,Medium,1,0,"New Joiners — Lower tenure, lower income"
106,3,34,0,5110.2,74.0,2024-04-06,0,0,1,0,0,0,0,0,0,0,0,0,0,0,1,0,0,0,0,4938.538863402042,0.2052887149786946,Fair,0.3597669016309308,Medium,0,0,"New Joiners — Lower tenure, lower income"
829,2,35,3,5570.36,64.0,2021-10-15,0,0,0,0,0,0,0,0,0,0,0,0,0,1,0,0,0,0,0,4616.392746097141,1.1408447804009323,Fair,0.2012146777966314,Low,1,0,"New Joiners — Lower tenure, lower income"
639,2,33,2,3535.12,76.0,2022-08-23,0,1,0,0,0,0,0,0,1,0,0,0,0,0,0,0,0,0,0,4338.3772186940405,-0.9606113852622672,Fair,0.216315450994245,Low,0,0,"New Joiners — Lower tenure, lower income"
560,3,43,3,6252.52,83.0,2021-05-19,0,1,0,0,0,1,0,0,0,0,0,0,0,0,0,0,0,0,0,5398.517340659755,1.0212976099240874,Fair,0.2939944439011229,Low,0,1,"Tenured Employees — Higher tenure, higher income"
808,4,25,3,7305.81,84.0,2021-05-21,0,0,0,0,0,0,0,0,0,0,0,0,0,1,0,0,0,0,0,6321.025108274107,1.1776994429806562,Fair,0.1172950082484878,Low,0,1,"Tenured Employees — Higher tenure, higher income"
691,2,41,0,3745.08,83.0,2024-10-24,1,0,1,0,0,0,0,0,0,1,0,0,0,0,0,0,0,0,0,3971.4455615263455,-0.2707094696105305,Fair,0.3707956003073303,Medium,0,0,"New Joiners — Lower tenure, lower income"
641,3,26,1,3185.05,68.0,2023-08-23,0,0,0,0,1,0,0,0,0,0,0,0,0,0,0,0,0,0,0,4958.783265762939,-2.1211989507925013,Overpaid,0.7633029110460818,High,1,0,"New Joiners — Lower tenure, lower income"
995,3,27,7,5386.22,100.0,2017-06-08,0,0,0,0,1,0,0,0,0,0,0,0,0,0,0,0,0,0,0,6329.557120497451,-1.1281322557719051,Fair,0.5430181886794953,Medium,1,1,"Tenured Employees — Higher tenure, higher income"
922,1,38,2,3241.64,73.0,2022-08-08,0,0,0,0,1,0,0,0,0,0,0,0,0,0,0,0,0,0,0,3498.3726905326166,-0.3070253708962721,Fair,0.8517772191271457,High,1,0,"New Joiners — Lower tenure, lower income"
736,4,47,0,4224.55,82.0,2024-07-09,1,0,0,0,0,0,0,0,0,0,0,0,0,1,0,0,0,0,0,5627.901570125105,-1.678261289677042,Fair,0.1907555288860137,Low,0,0,"New Joiners — Lower tenure, lower income"
826,3,21,2,5660.84,71.0,2022-05-06,0,0,0,0,0,0,0,0,0,0,0,0,0,0,0,0,0,1,0,5210.4743768288645,0.5385900494642375,Fair,0.2561614381871189,Low,0,0,"New Joiners — Lower tenure, lower income"
491,3,28,5,5468.67,77.0,2019-02-11,0,1,0,0,0,0,0,1,0,0,0,0,0,0,0,0,0,0,0,5854.410016267333,-0.461304601756455,Fair,0.1266672868784923,Low,0,1,"Tenured Employees — Higher tenure, higher income"
894,2,40,3,3814.46,76.0,2021-04-13,0,0,0,0,0,0,0,0,0,0,0,0,0,1,0,0,0,0,0,4622.537490459808,-0.966375924727948,Fair,0.1766960577313816,Low,0,0,"New Joiners — Lower tenure, lower income"
606,3,40,0,5730.28,63.0,2024-01-18,0,0,1,0,0,0,0,0,0,0,0,0,0,0,1,0,0,0,0,4923.441201774513,0.9648945787338726,Fair,0.4072841636592432,Medium,0,0,"New Joiners — Lower tenure, lower income"
364,3,44,1,5085.53,80.0,2023-09-13,0,0,1,0,0,0,0,0,0,0,1,0,0,0,0,0,0,0,0,5028.998994654663,0.0676051532326623,Fair,0.2504880699401735,Low,0,0,"New Joiners — Lower tenure, lower income"
70,3,24,0,6155.06,88.0,2024-08-09,0,0,0,0,1,0,0,0,0,0,0,0,0,0,0,1,0,0,0,4925.222365234238,1.4707568217074454,Fair,0.3313996017743016,Medium,1,0,"New Joiners — Lower tenure, lower income"
549,2,34,2,4618.75,73.0,2022-08-12,0,0,0,0,1,0,0,0,0,0,0,0,0,0,0,0,0,0,0,4340.947552765371,0.3322225900455324,Fair,0.823185154889161,High,1,0,"New Joiners — Lower tenure, lower income"
161,2,29,6,5581.42,71.0,2014-05-03,1,0,0,0,1,0,0,0,0,0,0,0,0,0,0,0,0,0,0,5239.221675276678,0.4092333054676307,Fair,0.6949131749980626,High,1,1,"Tenured Employees — Higher tenure, higher income"
12,2,23,1,3645.37,65.0,2023-08-09,1,0,0,0,1,0,0,0,0,0,0,0,0,0,0,1,0,0,0,4290.66403871767,-0.7717039897156212,Fair,0.3127966027751966,Medium,0,0,"New Joiners — Lower tenure, lower income"
145,2,51,2,3570.21,71.0,2022-05-20,0,0,0,0,0,0,0,0,0,0,0,0,0,0,0,0,0,0,1,4526.068811968329,-1.1431068854543165,Fair,0.254594604046864,Low,0,0,"New Joiners — Lower tenure, lower income"
518,2,38,4,4896.99,70.0,2020-09-25,0,0,0,0,1,0,0,0,0,0,0,0,0,0,0,0,1,0,0,4799.883090403351,0.1161296789810806,Fair,0.2042532895249319,Low,0,0,"New Joiners — Lower tenure, lower income"
428,2,31,13,6115.0,40.0,2011-12-01,0,0,1,0,0,0,0,0,0,0,1,0,0,0,0,0,0,0,0,6852.955391108727,-0.8825172485436781,Fair,0.0483650892153159,Low,0,1,"Tenured Employees — Higher tenure, higher income"
640,2,54,1,4532.11,76.0,2023-01-12,0,0,0,0,1,0,0,0,0,0,0,0,0,0,0,0,0,0,0,4101.822105557939,0.5145791917234085,Fair,0.8817253186113431,High,0,0,"New Joiners — Lower tenure, lower income"
177,2,38,2,5109.06,61.0,2022-03-25,0,0,0,0,0,0,0,0,0,0,0,0,0,1,0,0,0,0,0,4387.162693616601,0.8633134634376634,Fair,0.2344306361116415,Low,0,0,"New Joiners — Lower tenure, lower income"
441,2,26,10,5208.65,71.0,2014-05-26,0,0,0,1,0,0,0,0,0,0,0,0,1,0,0,0,0,0,0,6157.214498383398,-1.134383651458673,Fair,0.0848191596785901,Low,0,1,"Tenured Employees — Higher tenure, higher income"
522,2,38,5,5061.5,60.0,2019-01-23,0,0,0,0,1,0,0,0,0,0,0,0,0,0,0,0,0,0,0,4997.54805819964,0.0764798149003075,Fair,0.7567090191075785,High,1,0,"New Joiners — Lower tenure, lower income"
923,2,41,1,3469.73,60.0,2023-10-21,0,0,0,0,0,0,0,0,0,0,0,0,0,1,0,0,0,0,0,4159.7020391567485,-0.8251341922630799,Fair,0.2454526493917279,Low,0,0,"New Joiners — Lower tenure, lower income"
999,2,37,0,3348.96,75.2,2024-10-17,0,0,0,0,1,0,0,0,0,0,0,0,0,0,0,0,1,0,0,3909.805977238893,-0.6707129653813096,Fair,0.3074781417391539,Medium,0,0,"New Joiners — Lower tenure, lower income"
689,2,24,10,6353.62,81.0,2014-05-03,0,0,0,0,1,0,0,0,0,0,0,0,0,0,0,1,0,0,0,6318.961616864587,0.0414477911431516,Fair,0.0970021147951811,Low,0,1,"Tenured Employees — Higher tenure, higher income"
211,3,21,1,3924.15,57.0,2023-02-13,0,0,0,0,0,0,0,0,0,0,0,0,0,0,0,0,0,1,0,4974.195621491419,-1.255744431017254,Fair,0.2668177659167441,Low,0,0,"New Joiners — Lower tenure, lower income"
144,3,40,2,4269.666,67.0,2022-09-21,0,0,1,0,0,0,0,0,0,0,0,0,0,0,1,0,0,0,0,5374.765936201156,-1.3215836171299775,Fair,0.2842420680019256,Low,0,0,"New Joiners — Lower tenure, lower income"
754,2,37,4,5481.7,72.0,2020-06-21,0,0,0,0,0,0,0,0,0,0,0,0,0,0,0,0,0,1,0,4805.838206964225,0.8082598178320644,Fair,0.2843649209447684,Low,0,0,"New Joiners — Lower tenure, lower income"
520,1,37,9,5149.45,72.0,2015-08-18,0,0,0,0,1,0,0,0,0,0,0,0,0,0,0,1,0,0,0,5236.482535575482,-0.1040817842857084,Fair,0.1621840404204676,Low,0,1,"Tenured Employees — Higher tenure, higher income"
349,2,31,3,3303.77,53.0,2021-01-16,0,0,0,0,1,0,0,0,0,0,0,0,0,0,0,0,0,0,0,4549.829528008006,-1.4901565046189078,Fair,0.7757999687463738,High,1,0,"New Joiners — Lower tenure, lower income"
299,3,35,14,5771.986,73.0,2010-07-04,0,0,0,0,0,0,0,0,0,0,0,0,0,1,0,0,0,0,0,7926.175245532801,-2.5761843991053506,Overpaid,0.0228880950498575,Low,0,1,"Tenured Employees — Higher tenure, higher income"
767,1,42,4,4054.76,55.0,2020-06-10,1,0,0,0,0,0,0,0,0,0,0,0,0,1,0,0,0,0,0,3987.0655757070526,0.0809554314373978,Fair,0.2158765046662985,Low,1,0,"New Joiners — Lower tenure, lower income"
429,3,28,0,4727.78,55.0,2024-12-02,0,0,0,1,0,0,0,0,0,0,0,0,1,0,0,0,0,0,0,4741.338512010561,-0.0162145583026766,Fair,0.318762116751745,Medium,0,0,"New Joiners — Lower tenure, lower income"
613,2,23,13,7983.03,70.0,2011-10-16,0,0,0,0,1,0,0,0,0,0,0,0,0,0,0,0,0,0,0,6810.953733128524,1.401680283910767,Fair,0.4210347430237704,Medium,0,1,"Tenured Employees — Higher tenure, higher income"
985,1,26,1,4072.56,60.0,2021-04-15,0,0,1,0,0,0,0,0,0,0,0,0,0,0,1,0,0,0,0,3479.205582021018,0.709589650912782,Fair,0.4142304462461935,Medium,1,0,"New Joiners — Lower tenure, lower income"
994,2,32,0,4175.42,74.0,2024-03-26,0,0,0,0,1,0,0,0,0,0,0,0,0,0,0,0,0,0,0,3895.834970895029,0.3343543709993307,Fair,0.8618996471099458,High,1,0,"New Joiners — Lower tenure, lower income"
9,2,30,0,3765.31,73.0,2024-04-05,0,0,0,1,0,0,0,0,0,0,0,0,1,0,0,0,0,0,0,3916.476889468576,-0.1807797449169364,Fair,0.3531751862055352,Medium,0,0,"New Joiners — Lower tenure, lower income"
157,1,42,0,3258.92,72.0,2024-04-11,0,0,0,0,0,0,0,0,0,0,0,0,0,0,0,0,0,0,1,3248.2189841404384,0.0127972926098069,Fair,0.3600118363239967,Medium,0,0,"New Joiners — Lower tenure, lower income"
540,2,36,0,3277.834,70.0,2024-11-15,0,0,0,0,1,0,0,0,0,0,0,0,0,0,0,0,0,0,0,3888.718859844488,-0.7305542207327236,Fair,0.8594718776968747,High,1,0,"New Joiners — Lower tenure, lower income"
507,2,39,3,4159.14,63.0,2021-05-17,0,0,0,1,0,0,0,0,0,0,0,1,0,0,0,0,0,0,0,4551.521888093112,-0.4692475838384193,Fair,0.2194494549364701,Low,0,0,"New Joiners — Lower tenure, lower income"
437,1,32,4,3726.75,59.0,2020-07-24,0,0,0,0,0,0,0,0,0,0,0,0,0,0,0,0,0,1,0,3959.8112163676246,-0.2787167705380917,Fair,0.3017128301935772,Medium,1,0,"New Joiners — Lower tenure, lower income"
267,4,32,3,5168.61,84.0,2021-01-13,0,0,0,0,1,0,0,0,0,0,0,0,0,0,0,1,0,0,0,6425.205393976024,-1.5027562952798998,Fair,0.1777344655312188,Low,0,0,"New Joiners — Lower tenure, lower income"
827,2,32,3,5050.46,68.0,2021-04-13,0,0,0,0,1,0,0,0,0,0,0,0,0,0,0,1,0,0,0,4733.055115363346,0.3795829515426535,Fair,0.2920094858005077,Low,0,0,"New Joiners — Lower tenure, lower income"
462,1,31,7,4695.57,70.0,2017-05-18,0,1,0,0,0,1,0,0,0,0,0,0,0,0,0,0,0,0,0,4615.324980876143,0.0959646265069255,Fair,0.2092005059794154,Low,1,1,"Tenured Employees — Higher tenure, higher income"
577,3,36,3,6567.5,84.0,2021-06-14,1,0,0,1,0,0,0,0,0,0,0,0,1,0,0,0,0,0,0,5431.5190608701,1.358514057730187,Fair,0.2467996267429476,Low,0,1,"Tenured Employees — Higher tenure, higher income"
339,2,34,4,4557.81,63.0,2020-07-10,0,0,0,1,0,0,0,0,0,0,0,1,0,0,0,0,0,0,0,4779.886501047203,-0.2655802031284414,Fair,0.183985590752705,Low,0,0,"New Joiners — Lower tenure, lower income"
256,1,32,7,4603.99,71.0,2017-09-13,1,0,0,1,0,0,0,0,0,0,0,1,0,0,0,0,0,0,0,4621.434110988849,-0.0208613271461303,Fair,0.1405144839463171,Low,1,1,"Tenured Employees — Higher tenure, higher income"
853,3,30,0,6464.11,64.0,2024-07-16,0,1,0,0,0,0,0,0,1,0,0,0,0,0,0,0,0,0,0,4721.655425665111,2.08379291645802,Underpaid,0.2904649083192852,Low,0,0,"New Joiners — Lower tenure, lower income"
901,3,37,4,6927.74,73.0,2020-06-08,0,0,0,1,0,0,0,0,0,0,0,0,1,0,0,0,0,0,0,5644.786012196661,1.5342784089201469,Fair,0.2303627684447925,Low,0,1,"Tenured Employees — Higher tenure, higher income"
666,1,35,3,4301.66,79.0,2021-06-04,0,0,0,0,0,0,0,0,0,0,0,0,0,0,0,0,0,0,1,3932.351086056788,0.4416547267256134,Fair,0.2387375066714238,Low,1,0,"New Joiners — Lower tenure, lower income"
561,2,29,0,3360.22,59.0,2024-05-05,0,0,0,0,0,0,0,0,0,0,0,0,0,0,0,0,0,1,0,3905.919873077551,-0.6525998133782579,Fair,0.3841407686995053,Medium,0,0,"New Joiners — Lower tenure, lower income"
209,2,46,0,4960.34,58.0,2024-06-11,1,0,0,0,0,0,0,0,0,0,0,0,0,0,0,0,0,0,1,4071.2534302100494,1.0632542871044088,Fair,0.3602253159290075,Medium,0,0,"New Joiners — Lower tenure, lower income"
288,2,46,5,4443.26,90.0,2019-12-06,0,0,1,0,0,0,0,0,0,0,1,0,0,0,0,0,0,0,0,5092.631656800466,-0.7765803932684616,Fair,0.1643447147500175,Low,0,0,"New Joiners — Lower tenure, lower income"
2,2,30,1,2462.88,83.0,2023-11-10,1,0,0,1,0,0,0,0,0,0,0,0,1,0,0,0,0,0,0,4149.216848764648,-2.01668200249021,Overpaid,0.2744325745208428,Low,0,0,"New Joiners — Lower tenure, lower income"
342,2,29,7,4974.43,84.0,2017-10-12,0,0,0,0,0,0,0,0,0,0,0,0,0,1,0,0,0,0,0,5535.024575588301,-0.670412315375044,Fair,0.0860434698832394,Low,1,1,"Tenured Employees — Higher tenure, higher income"
270,3,38,0,5058.61,78.0,2024-01-25,1,0,0,0,0,0,0,0,0,0,0,0,0,0,0,0,0,1,0,4753.677742727046,0.3646669973864192,Fair,0.3718025660807668,Medium,0,0,"New Joiners — Lower tenure, lower income"
266,3,33,3,4615.48,67.0,2021-04-01,0,0,0,1,0,0,1,0,0,0,0,0,0,0,0,0,0,0,0,5399.424203871824,-0.9375150451482962,Fair,0.1271218196099601,Low,0,0,"New Joiners — Lower tenure, lower income"
864,3,27,2,3154.04,57.0,2022-02-19,0,1,0,0,0,0,0,1,0,0,0,0,0,0,0,0,0,0,0,5165.931457234847,-2.40601116896757,Overpaid,0.1744536276716348,Low,0,0,"New Joiners — Lower tenure, lower income"
871,1,47,0,3935.0,81.0,2024-04-14,0,0,0,0,0,0,0,0,0,0,0,0,0,0,0,0,0,0,1,3251.7096314720743,0.817143614986906,Fair,0.3866087634409667,Medium,0,0,"New Joiners — Lower tenure, lower income"
727,2,24,4,4566.08,85.0,2020-02-07,0,0,1,0,0,0,0,0,0,0,0,0,0,0,1,0,0,0,0,5013.788169585685,-0.5354120136986321,Fair,0.2171233522809127,Low,0,0,"New Joiners — Lower tenure, lower income"
43,4,51,1,5492.22,70.0,2023-02-05,0,1,0,0,0,1,0,0,0,0,0,0,0,0,0,0,0,0,0,5771.073232345275,-0.3334792188280178,Fair,0.3299638143916534,Medium,0,0,"New Joiners — Lower tenure, lower income"
399,1,33,0,2941.44,58.0,2024-03-20,0,0,0,0,0,0,0,0,0,0,0,0,0,0,0,0,0,1,0,3062.460311834452,-0.1447275999401197,Fair,0.4615109401047209,Medium,1,0,"New Joiners — Lower tenure, lower income"
884,3,22,5,7270.42,74.0,2012-11-13,0,0,0,1,0,0,0,0,0,0,0,1,0,0,0,0,0,0,0,5863.240651604704,1.6828389110180415,Fair,0.129148800984419,Low,0,1,"Tenured Employees — Higher tenure, higher income"
629,2,30,0,3915.3,57.0,2024-01-19,0,0,0,0,0,0,0,0,0,0,0,0,0,0,0,0,0,0,1,4084.677991236369,-0.2025583125901329,Fair,0.2836276000227,Low,0,0,"New Joiners — Lower tenure, lower income"
46,3,30,0,5046.57,94.0,2024-03-21,0,0,1,0,0,0,0,0,0,1,0,0,0,0,0,0,0,0,0,4830.012414138921,0.2589801594080678,Fair,0.2896610482358803,Low,0,0,"New Joiners — Lower tenure, lower income"
162,3,50,1,4861.62,91.0,2023-08-14,0,0,1,0,0,0,0,0,0,0,0,0,0,0,1,0,0,0,0,5163.162455733856,-0.3606131502793486,Fair,0.3511715728337731,Medium,0,0,"New Joiners — Lower tenure, lower income"
728,2,35,0,3076.5,90.0,2024-08-23,0,1,0,0,0,0,0,1,0,0,0,0,0,0,0,0,0,0,0,3901.188408949,-0.9862408410324962,Fair,0.2896974845239242,Low,0,0,"New Joiners — Lower tenure, lower income"
630,3,33,1,6176.35,58.0,2023-02-03,1,0,0,0,0,0,0,0,0,0,0,0,0,0,0,0,0,1,0,4964.348375474265,1.4494268241606072,Fair,0.3567716623640253,Medium,0,0,"New Joiners — Lower tenure, lower income"
289,2,38,3,4831.35,63.6,2021-11-22,0,0,0,1,0,0,1,0,0,0,0,0,0,0,0,0,0,0,0,4552.947036251609,0.3329407448118185,Fair,0.1800684662764591,Low,0,0,"New Joiners — Lower tenure, lower income"
590,1,48,0,2850.44,84.0,2024-10-14,0,1,0,0,0,1,0,0,0,0,0,0,0,0,0,0,0,0,0,3045.2563938835606,-0.2329799740916723,Fair,0.4971057925469754,Medium,0,0,"New Joiners — Lower tenure, lower income"
970,3,35,0,4016.82,70.0,2024-01-02,0,1,0,0,0,0,0,0,1,0,0,0,0,0,0,0,0,0,0,4722.491975965715,-0.8439096700248749,Fair,0.2489259329568871,Low,0,0,"New Joiners — Lower tenure, lower income"
576,3,29,3,5866.52,69.0,2018-04-18,0,0,0,0,0,0,0,0,0,0,0,0,0,0,0,0,0,0,1,5606.865162914277,0.310519951689313,Fair,0.1625576690526227,Low,0,0,"New Joiners — Lower tenure, lower income"
851,3,33,0,4640.93,81.0,2024-10-25,0,0,0,1,0,0,0,0,0,0,0,1,0,0,0,0,0,0,0,4740.131082438733,-0.1186340900563811,Fair,0.2471302026236592,Low,0,0,"New Joiners — Lower tenure, lower income"
316,3,41,7,5961.12,58.0,2017-04-15,0,0,0,0,0,0,0,0,0,0,0,0,0,0,0,0,0,0,1,6481.973405543536,-0.6228860441879489,Fair,0.1039644763984864,Low,0,1,"Tenured Employees — Higher tenure, higher income"
944,1,27,4,4553.778,90.0,2020-04-25,0,0,0,0,0,0,0,0,0,0,0,0,0,1,0,0,0,0,0,4031.444972353454,0.6246555170354497,Fair,0.1678076116661941,Low,1,0,"New Joiners — Lower tenure, lower income"
231,2,26,0,2994.85,72.0,2024-05-10,1,0,1,0,0,0,0,0,0,1,0,0,0,0,0,0,0,0,0,3975.128803696936,-1.1723106343115623,Fair,0.3111329074131178,Medium,0,0,"New Joiners — Lower tenure, lower income"
810,2,42,2,4597.52,60.0,2022-10-07,0,0,0,0,1,0,0,0,0,0,0,0,0,0,0,1,0,0,0,4493.141266565048,0.1248260175985579,Fair,0.3627561475522158,Medium,0,0,"New Joiners — Lower tenure, lower income"
877,2,38,5,4989.17,87.0,2019-04-23,0,0,0,0,1,0,0,0,0,0,0,0,0,0,0,0,0,0,0,5021.43493147892,-0.0385854739951767,Fair,0.7352172509420314,High,1,1,"Tenured Employees — Higher tenure, higher income"
712,1,35,1,4006.230000000001,82.0,2023-11-07,0,0,0,1,0,0,1,0,0,0,0,0,0,0,0,0,0,0,0,3285.1249986899497,0.8623659496695374,Fair,0.2593891933851943,Low,1,0,"New Joiners — Lower tenure, lower income"
77,2,41,3,4667.77,82.0,2021-08-14,0,0,0,0,1,0,0,0,0,0,0,0,0,0,0,1,0,0,0,4737.391942737535,-0.0832605413325608,Fair,0.3005318523878682,Medium,0,0,"New Joiners — Lower tenure, lower income"
634,2,23,2,5493.93,68.0,2022-05-14,0,0,0,1,0,0,0,0,0,0,0,1,0,0,0,0,0,0,0,4346.3616739888585,1.3723713571163738,Fair,0.2314092489517003,Low,0,0,"New Joiners — Lower tenure, lower income"
248,2,27,1,4523.41,68.0,2023-08-05,0,0,0,1,0,0,0,0,0,0,0,1,0,0,0,0,0,0,0,4118.891389787059,0.4837618305538467,Fair,0.25797309919722,Low,0,0,"New Joiners — Lower tenure, lower income"
820,1,30,0,3424.89,63.0,2024-12-05,1,0,1,0,0,0,0,0,0,0,0,0,0,0,1,0,0,0,0,3254.389394850249,0.2039008410870472,Fair,0.455219723223792,Medium,0,0,"New Joiners — Lower tenure, lower income"
825,3,34,6,7141.22,71.0,2018-02-04,0,0,0,0,1,0,0,0,0,0,0,0,0,0,0,1,0,0,0,6244.597009691286,1.0722670555999334,Fair,0.1820497588563615,Low,0,1,"Tenured Employees — Higher tenure, higher income"
477,1,33,1,2857.58,58.0,2023-02-23,0,0,0,0,1,0,0,0,0,0,0,0,0,0,0,1,0,0,0,3436.5303108987605,-0.6923638495956222,Fair,0.4026718206272521,Medium,0,0,"New Joiners — Lower tenure, lower income"
671,2,39,8,5905.44,72.0,2016-03-25,0,0,0,1,0,0,0,0,0,0,0,1,0,0,0,0,0,0,0,5678.949025149376,0.2708594507925996,Fair,0.1136608469876473,Low,1,1,"Tenured Employees — Higher tenure, higher income"
86,1,34,2,3170.84,93.0,2022-03-18,0,0,1,0,0,0,0,0,0,0,1,0,0,0,0,0,0,0,0,3595.3412440575025,-0.5076589647866657,Fair,0.2503445932445565,Low,1,0,"New Joiners — Lower tenure, lower income"
470,2,28,3,4289.13,63.0,2021-06-19,0,0,0,0,1,0,0,0,0,0,0,0,0,0,0,1,0,0,0,4732.208935320794,-0.5298759350473495,Fair,0.267175981020155,Low,0,0,"New Joiners — Lower tenure, lower income"
226,2,34,0,3905.39,59.0,2024-04-04,0,0,0,0,1,0,0,0,0,0,0,0,0,0,0,1,0,0,0,4051.625259187768,-0.1748820323469195,Fair,0.4059787765014904,Medium,0,0,"New Joiners — Lower tenure, lower income"
775,2,42,0,2651.51,81.0,2024-01-25,0,0,1,0,0,0,0,0,0,0,0,0,0,0,1,0,0,0,0,4098.579579232528,-1.730543443278934,Fair,0.3896041111235703,Medium,0,0,"New Joiners — Lower tenure, lower income"
332,1,23,0,3826.5,54.0,2024-10-20,0,0,0,1,0,0,1,0,0,0,0,0,0,0,0,0,0,0,0,3047.192402235189,0.9319701505470194,Fair,0.2781022094372237,Low,0,0,"New Joiners — Lower tenure, lower income"
234,2,34,1,4805.76,62.0,2023-09-12,0,0,0,1,0,0,0,0,0,0,0,0,1,0,0,0,0,0,0,4127.060854538264,0.8116529937425297,Fair,0.3597022169118948,Medium,0,0,"New Joiners — Lower tenure, lower income"
589,3,25,1,4998.59,70.0,2023-11-10,0,0,0,1,0,0,0,0,0,0,0,0,1,0,0,0,0,0,0,4981.1849526152255,0.0208146111727785,Fair,0.2645945182642946,Low,0,0,"New Joiners — Lower tenure, lower income"
476,2,21,1,4187.15,71.0,2021-01-20,0,0,0,1,0,0,0,0,0,0,0,0,1,0,0,0,0,0,0,4146.649419411146,0.0484344465483159,Fair,0.2939373987185913,Low,0,0,"New Joiners — Lower tenure, lower income"
346,2,36,0,3744.92,67.0,2024-11-22,0,0,0,1,0,0,0,0,0,0,0,0,1,0,0,0,0,0,0,3905.802722892765,-0.1923988626632564,Fair,0.3792937148626801,Medium,0,0,"New Joiners — Lower tenure, lower income"
983,3,37,0,3987.38,74.0,2024-04-14,1,0,0,0,0,0,0,0,0,0,0,0,0,1,0,0,0,0,0,4790.76971834168,-0.9607698409438392,Fair,0.2152818979538353,Low,0,0,"New Joiners — Lower tenure, lower income"
600,3,52,5,3673.12,56.0,2019-12-20,1,1,0,0,0,1,0,0,0,0,0,0,0,0,0,0,0,0,0,5814.36744699512,-2.560707365433274,Overpaid,0.2164065064106445,Low,0,0,"New Joiners — Lower tenure, lower income"
422,2,32,9,6043.61,69.0,2015-09-04,0,0,0,0,0,0,0,0,0,0,0,0,0,0,0,0,0,1,0,5927.120599657823,0.1393091050124661,Fair,0.1341572205905868,Low,0,1,"Tenured Employees — Higher tenure, higher income"
688,2,28,8,5126.22,67.0,2016-12-05,0,0,0,0,0,0,0,0,0,0,0,0,0,1,0,0,0,0,0,5744.771990357383,-0.7397233046719293,Fair,0.0770688832152171,Low,1,1,"Tenured Employees — Higher tenure, higher income"
183,2,41,3,4093.99,86.0,2021-08-18,0,0,0,0,1,0,0,0,0,0,0,0,0,0,0,0,0,0,0,4570.081307826434,-0.5693552701163768,Fair,0.7940516952400635,High,1,0,"New Joiners — Lower tenure, lower income"
618,2,38,1,5021.43,78.0,2023-12-23,0,0,0,1,0,0,1,0,0,0,0,0,0,0,0,0,0,0,0,4117.900763615289,1.0805262015567063,Fair,0.2356748466173656,Low,0,0,"New Joiners — Lower tenure, lower income"
333,4,31,2,6666.2,75.0,2022-12-03,0,0,0,0,1,0,0,0,0,0,0,0,0,0,0,0,1,0,0,6040.77604278302,0.7479414562812066,Fair,0.1800061337407513,Low,0,1,"Tenured Employees — Higher tenure, higher income"
439,1,43,1,3146.37,65.0,2023-02-22,0,0,0,0,0,0,0,0,0,0,0,0,0,0,0,0,0,0,1,3465.024731508375,-0.3810776373131237,Fair,0.3246592235351229,Medium,0,0,"New Joiners — Lower tenure, lower income"
931,1,45,0,2767.45,87.0,2024-05-22,0,0,0,0,1,0,0,0,0,0,0,0,0,0,0,0,1,0,0,3074.0932483190286,-0.3667131632230781,Fair,0.3773127460668186,Medium,1,0,"New Joiners — Lower tenure, lower income"
6,2,35,1,4258.75,50.0,2023-01-25,1,1,0,0,0,0,0,0,1,0,0,0,0,0,0,0,0,0,0,4089.693417727887,0.2021739411793277,Fair,0.29121730432076,Low,0,0,"New Joiners — Lower tenure, lower income"
530,2,27,2,3863.46,86.0,2024-02-27,0,0,0,0,1,0,0,0,0,0,0,0,0,0,0,0,0,0,0,4358.70894116588,-0.5922657902738825,Fair,0.7857155215308398,High,1,0,"New Joiners — Lower tenure, lower income"
235,4,39,2,7160.04,52.0,2022-09-02,1,0,0,0,1,0,0,0,0,0,0,0,0,0,0,1,0,0,0,6166.741755186351,1.1878805203647496,Fair,0.2895087372760531,Low,0,1,"Tenured Employees — Higher tenure, higher income"
487,1,29,1,3734.05,53.0,2023-03-17,1,0,1,0,0,0,0,0,0,1,0,0,0,0,0,0,0,0,0,3340.531958212577,0.4706063044932285,Fair,0.3811597930387118,Medium,1,0,"New Joiners — Lower tenure, lower income"
960,2,48,15,7246.07,72.0,2009-09-04,0,0,0,0,0,0,0,0,0,0,0,0,0,0,0,0,0,1,0,7258.823251807997,-0.0152515515587848,Fair,0.0672935440816179,Low,0,1,"Tenured Employees — Higher tenure, higher income"
498,4,21,3,7825.61,71.0,2021-02-14,0,1,0,0,0,0,0,0,1,0,0,0,0,0,0,0,0,0,0,6246.573732309631,1.8883617615681432,Fair,0.1453413291315385,Low,0,1,"Tenured Employees — Higher tenure, higher income"
885,4,30,7,7596.83,82.0,2017-12-13,0,0,0,0,0,0,0,0,0,0,0,0,0,0,0,0,0,0,1,7352.04134529058,0.2927415567820379,Fair,0.0733043082621159,Low,0,1,"Tenured Employees — Higher tenure, higher income"
954,2,38,0,3893.1,89.0,2024-01-16,0,0,0,0,1,0,0,0,0,0,0,0,0,0,0,0,0,0,0,3903.739483536436,-0.012723706405063,Fair,0.8621545873566617,High,1,0,"New Joiners — Lower tenure, lower income"
107,2,28,0,3418.6,56.0,2024-11-08,0,0,0,1,0,0,1,0,0,0,0,0,0,0,0,0,0,0,0,3883.487703718008,-0.5559569346740604,Fair,0.2265757931087353,Low,0,0,"New Joiners — Lower tenure, lower income"
444,2,45,2,3677.34,92.0,2022-04-21,0,1,0,0,0,0,0,0,1,0,0,0,0,0,0,0,0,0,0,4341.8004578320415,-0.7946250167384558,Fair,0.2401248936090663,Low,0,0,"New Joiners — Lower tenure, lower income"
489,2,36,3,5426.21,80.0,2021-12-22,0,0,1,0,0,0,0,0,0,1,0,0,0,0,0,0,0,0,0,4644.942015834675,0.9343145670701714,Fair,0.2739392201638766,Low,0,0,"New Joiners — Lower tenure, lower income"
647,3,37,0,5373.15,61.0,2024-01-05,0,0,0,0,0,0,0,0,0,0,0,0,0,1,0,0,0,0,0,4779.268631207213,0.710219828817734,Fair,0.25103132743084,Low,0,0,"New Joiners — Lower tenure, lower income"
13,4,21,1,6225.14,73.0,2023-06-23,0,0,0,0,0,0,0,0,0,0,0,0,0,0,0,0,0,1,0,5827.348352880506,0.4757170882404064,Fair,0.2453565717866483,Low,0,0,"New Joiners — Lower tenure, lower income"
739,2,36,2,4617.35,82.0,2022-04-24,1,0,0,1,0,0,1,0,0,0,0,0,0,0,0,0,0,0,0,4347.121186353881,0.3231653186216225,Fair,0.1894198374600502,Low,0,0,"New Joiners — Lower tenure, lower income"
191,3,36,8,7561.49,53.0,2016-05-08,0,0,0,1,0,0,0,0,0,0,0,0,1,0,0,0,0,0,0,6523.558237512617,1.2412575261903576,Fair,0.1387980480270351,Low,0,1,"Tenured Employees — Higher tenure, higher income"
833,2,29,4,4568.69,85.0,2020-03-08,0,1,0,0,0,1,0,0,0,0,0,0,0,0,0,0,0,0,0,4797.702763181568,-0.2738752451428396,Fair,0.2372405356529331,Low,0,0,"New Joiners — Lower tenure, lower income"
283,2,45,1,4655.59,86.0,2023-09-19,0,0,1,0,0,0,0,0,0,0,0,0,0,0,1,0,0,0,0,4324.213057220006,0.3962920676460363,Fair,0.4026397239790735,Medium,0,0,"New Joiners — Lower tenure, lower income"
30,1,30,15,7457.83,79.0,2009-05-23,0,0,0,0,1,0,0,0,0,0,0,0,0,0,0,1,0,0,0,6592.293545069733,1.0350908197468085,Fair,0.06581962078481,Low,0,1,"Tenured Employees — Higher tenure, higher income"
170,4,40,6,4907.88,76.0,2018-01-23,1,0,0,0,1,0,0,0,0,0,0,0,0,0,0,0,1,0,0,6929.183659793278,-2.417267176044261,Overpaid,0.0892150307456541,Low,0,1,"Tenured Employees — Higher tenure, higher income"
181,2,22,1,5882.64,68.0,2016-10-17,0,0,0,0,1,0,0,0,0,0,0,0,0,0,0,0,1,0,0,4140.7440448414245,2.083124866512992,Underpaid,0.2836466556438566,Low,0,0,"New Joiners — Lower tenure, lower income"
101,3,43,0,3636.576,77.0,2024-07-02,0,1,0,0,0,0,0,1,0,0,0,0,0,0,0,0,0,0,0,4721.53023901979,-1.2974914762489664,Fair,0.2764741120078491,Low,0,0,"New Joiners — Lower tenure, lower income"
198,4,27,2,6603.52,66.0,2022-03-10,0,1,0,0,0,0,0,1,0,0,0,0,0,0,0,0,0,0,0,6012.89129555153,0.7063299834122153,Fair,0.1800670223113558,Low,0,1,"Tenured Employees — Higher tenure, higher income"
496,2,40,0,3870.142,69.0,2024-10-07,0,1,0,0,0,0,0,0,1,0,0,0,0,0,0,0,0,0,0,3878.138085970326,-0.0095624801643476,Fair,0.3225546859210087,Medium,0,0,"New Joiners — Lower tenure, lower income"
722,1,26,3,4435.21,84.0,2021-12-19,0,0,0,0,0,0,0,0,0,0,0,0,0,1,0,0,0,0,0,3803.1381378510487,0.7558916533254056,Fair,0.194951212029251,Low,1,0,"New Joiners — Lower tenure, lower income"
648,2,28,0,3892.95,59.0,2024-04-07,0,1,0,0,0,0,0,1,0,0,0,0,0,0,0,0,0,0,0,3880.0230408943858,0.0154592872677347,Fair,0.3113069934517917,Medium,0,0,"New Joiners — Lower tenure, lower income"
45,3,35,0,5546.75,88.0,2024-01-11,0,1,0,0,0,0,0,1,0,0,0,0,0,0,0,0,0,0,0,4738.416558151903,0.9666820157433068,Fair,0.2847811181517312,Low,0,0,"New Joiners — Lower tenure, lower income"
992,3,21,5,4666.31,73.0,2019-04-08,0,1,0,0,0,0,0,1,0,0,0,0,0,0,0,0,0,0,0,5857.131521491999,-1.4240976423720946,Fair,0.1083136686748882,Low,0,0,"New Joiners — Lower tenure, lower income"
711,1,42,1,3124.2,72.0,2023-08-27,0,1,0,0,0,1,0,0,0,0,0,0,0,0,0,0,0,0,0,3263.898947465819,-0.1670652890776403,Fair,0.4467060024166435,Medium,0,0,"New Joiners — Lower tenure, lower income"
374,2,29,0,3814.89,51.0,2024-02-12,1,0,0,0,1,0,0,0,0,0,0,0,0,0,0,0,0,0,0,3878.169879913998,-0.07567609937231,Fair,0.8625540915248349,High,1,0,"New Joiners — Lower tenure, lower income"
679,3,33,2,3796.09,54.0,2022-11-23,1,1,0,0,0,1,0,0,0,0,0,0,0,0,0,0,0,0,0,5157.911387690067,-1.6285955473087663,Fair,0.2705390727247831,Low,0,0,"New Joiners — Lower tenure, lower income"
940,2,48,1,3359.49,56.0,2023-02-27,0,0,1,0,0,0,0,0,0,0,1,0,0,0,0,0,0,0,0,4165.191356173659,-0.9635343173386016,Fair,0.3038212473605106,Medium,0,0,"New Joiners — Lower tenure, lower income"
649,2,38,5,5044.3,46.0,2019-01-10,0,0,0,0,0,0,0,0,0,0,0,0,0,0,0,0,0,0,1,5187.256518067428,-0.1709610018522962,Fair,0.1710641778706131,Low,0,0,"New Joiners — Lower tenure, lower income"
798,2,27,0,4216.02,80.0,2024-05-26,0,0,0,0,1,0,0,0,0,0,0,0,0,0,0,0,0,0,0,3905.614808718549,0.3712120524410136,Fair,0.8501764989206035,High,1,0,"New Joiners — Lower tenure, lower income"
848,3,32,0,3834.85,68.0,2024-08-11,0,0,0,0,0,0,0,0,0,0,0,0,0,0,0,0,0,1,0,4750.196725137359,-1.0946586786472432,Fair,0.3299189034309827,Medium,0,0,"New Joiners — Lower tenure, lower income"
461,2,49,5,5314.79,64.6,2019-07-17,0,1,0,0,0,0,0,1,0,0,0,0,0,0,0,0,0,0,0,4985.661297517361,0.3936034080533389,Fair,0.2173448958093908,Low,0,1,"Tenured Employees — Higher tenure, higher income"
909,2,37,2,4102.69,96.0,2022-09-06,0,0,0,0,0,0,0,0,0,0,0,0,0,0,0,0,0,1,0,4379.285044827206,-0.3307786634026453,Fair,0.3121085144350164,Medium,0,0,"New Joiners — Lower tenure, lower income"
414,3,29,2,8229.91,69.0,2017-11-22,0,0,0,0,1,0,0,0,0,0,0,0,0,0,0,0,0,0,0,5180.877947709043,3.646322541890404,Underpaid,0.8276137942224663,High,1,1,"Tenured Employees — Higher tenure, higher income"
132,1,53,0,3341.52,75.0,2024-11-19,0,0,0,1,0,0,1,0,0,0,0,0,0,0,0,0,0,0,0,3038.941218883663,0.3618524867435335,Fair,0.3470669282526676,Medium,0,0,"New Joiners — Lower tenure, lower income"
40,2,32,2,5325.65,77.0,2022-09-07,0,0,0,0,0,0,0,0,0,0,0,0,0,1,0,0,0,0,0,4406.683850295849,1.098987130811808,Fair,0.2118164648571549,Low,1,0,"New Joiners — Lower tenure, lower income"
435,2,38,0,3487.53,70.0,2024-06-18,0,0,1,0,0,0,0,0,0,1,0,0,0,0,0,0,0,0,0,3962.627460648752,-0.5681667331298745,Fair,0.3655555943382542,Medium,0,0,"New Joiners — Lower tenure, lower income"
216,2,47,2,4981.16,70.4,2022-02-19,0,0,0,0,0,0,0,0,0,0,0,0,0,1,0,0,0,0,0,4387.429905543208,0.7100389205780404,Fair,0.2502809703308837,Low,0,0,"New Joiners — Lower tenure, lower income"
556,2,21,1,6590.56,84.0,2013-11-20,0,0,0,0,0,0,0,0,0,0,0,0,0,0,0,0,0,1,0,4159.08494754711,2.907789141521654,Underpaid,0.3702964652004351,Medium,0,1,"Tenured Employees — Higher tenure, higher income"
567,1,26,3,3438.55,67.0,2021-06-05,0,0,0,0,1,0,0,0,0,0,0,0,0,0,0,1,0,0,0,3898.5388416431615,-0.5500984094415358,Fair,0.2997172265418789,Low,0,0,"New Joiners — Lower tenure, lower income"
763,2,33,1,3473.12,77.0,2023-11-14,0,1,0,0,0,0,0,1,0,0,0,0,0,0,0,0,0,0,0,4115.36894851175,-0.7680623812085563,Fair,0.2647830930742489,Low,0,0,"New Joiners — Lower tenure, lower income"
475,2,36,1,3315.65,95.0,2024-11-06,0,0,0,0,1,0,0,0,0,0,0,0,0,0,0,0,0,0,0,4134.729304295715,-0.9795329401687684,Fair,0.8219392745327329,High,1,0,"New Joiners — Lower tenure, lower income"
457,1,32,3,4276.78,43.0,2021-01-07,0,0,0,0,0,0,0,0,0,0,0,0,0,0,0,0,0,1,0,3721.763063009491,0.6637420446134223,Fair,0.3706005276659357,Medium,1,0,"New Joiners — Lower tenure, lower income"
812,2,34,5,4427.97,78.0,2019-07-20,0,0,0,0,0,0,0,0,0,0,0,0,0,0,0,0,0,1,0,5037.722356475795,-0.7291998654844962,Fair,0.2153072458226272,Low,0,0,"New Joiners — Lower tenure, lower income"
261,2,33,8,6411.57,54.0,2016-02-16,0,0,0,0,0,0,0,0,0,0,0,0,0,1,0,0,0,0,0,5728.799259461458,0.8165221944119192,Fair,0.0982027088389915,Low,1,1,"Tenured Employees — Higher tenure, higher income"
817,2,52,0,3403.57,79.0,2024-02-01,1,0,0,0,0,0,0,0,0,0,0,0,0,1,0,0,0,0,0,3942.7807348854394,-0.6448394847029449,Fair,0.2995268587031625,Low,0,0,"New Joiners — Lower tenure, lower income"
36,2,40,0,4023.46,70.0,2024-04-19,0,0,0,0,0,0,0,0,0,0,0,0,0,0,0,0,0,1,0,3905.8139459161257,0.1406923415738346,Fair,0.4313814355463503,Medium,0,0,"New Joiners — Lower tenure, lower income"
828,1,44,1,3228.55,67.0,2023-08-24,1,1,0,0,0,1,0,0,0,0,0,0,0,0,0,0,0,0,0,3257.6867949095176,-0.0348445507475668,Fair,0.4618876951620599,Medium,0,0,"New Joiners — Lower tenure, lower income"
912,2,26,1,4541.87,74.0,2023-10-17,0,1,0,0,0,1,0,0,0,0,0,0,0,0,0,0,0,0,0,4118.975152746759,0.5057378826930237,Fair,0.351937087140139,Medium,0,0,"New Joiners — Lower tenure, lower income"
310,3,33,4,6177.48,40.0,2020-01-17,0,0,0,1,0,0,1,0,0,0,0,0,0,0,0,0,0,0,0,5599.430299785177,0.6912868136766844,Fair,0.137026356469992,Low,0,1,"Tenured Employees — Higher tenure, higher income"
277,2,32,3,3968.92,55.0,2021-10-23,0,1,0,0,0,1,0,0,0,0,0,0,0,0,0,0,0,0,0,4544.585837421748,-0.6884359638036462,Fair,0.2927909403668964,Low,0,0,"New Joiners — Lower tenure, lower income"
637,2,24,7,7729.73,94.0,2007-01-14,0,0,0,0,1,0,0,0,0,0,0,0,0,0,0,1,0,0,0,5658.783796421152,2.4766344517362624,Underpaid,0.1721150212993665,Low,1,1,"Tenured Employees — Higher tenure, higher income"
655,4,45,1,6970.03,67.2,2023-12-25,0,0,0,0,0,0,0,0,0,0,0,0,0,1,0,0,0,0,0,5840.489651469236,1.3508117868842404,Fair,0.2126093622752019,Low,0,1,"Tenured Employees — Higher tenure, higher income"
623,3,37,0,5155.86,72.0,2024-11-13,0,0,0,1,0,0,0,0,0,0,0,1,0,0,0,0,0,0,0,4728.591476336473,0.5109683409539584,Fair,0.2763991990159243,Low,0,0,"New Joiners — Lower tenure, lower income"
836,1,24,6,4020.05,65.0,2018-08-25,0,0,0,0,1,0,0,0,0,0,0,0,0,0,0,0,1,0,0,4416.768589045394,-0.4744338233296914,Fair,0.1512338466968976,Low,1,0,"New Joiners — Lower tenure, lower income"
845,4,21,1,7550.64,80.0,2023-04-14,0,0,1,0,0,0,0,0,0,0,0,0,0,0,1,0,0,0,0,6018.363847660116,1.8324415679657973,Fair,0.2649706389769383,Low,0,1,"Tenured Employees — Higher tenure, higher income"
394,2,34,0,2922.01,55.0,2024-09-18,0,0,0,1,0,0,1,0,0,0,0,0,0,0,0,0,0,0,0,3877.237032193916,-1.1423513431072874,Fair,0.2339599856424833,Low,0,0,"New Joiners — Lower tenure, lower income"
108,3,45,7,7181.48,87.0,2017-05-24,0,0,0,0,1,0,0,0,0,0,0,0,0,0,0,1,0,0,0,6472.807546774214,0.8474979261278592,Fair,0.1706458906654667,Low,0,1,"Tenured Employees — Higher tenure, higher income"
525,2,39,2,4274.24,69.0,2023-11-04,0,0,0,0,0,0,0,0,0,0,0,0,0,0,0,0,0,0,1,4535.031358975139,-0.3118791126668473,Fair,0.2362954424672065,Low,0,0,"New Joiners — Lower tenure, lower income"
785,2,29,0,4319.604,84.0,2024-11-08,0,0,0,1,0,0,0,0,0,0,0,1,0,0,0,0,0,0,0,3907.3649472553407,0.4929946700760232,Fair,0.2843295898467616,Low,0,0,"New Joiners — Lower tenure, lower income"
204,3,34,3,5722.1,81.0,2021-04-06,0,0,0,1,0,0,0,0,0,0,0,1,0,0,0,0,0,0,0,5410.915661264344,0.372143831076659,Fair,0.1758048660398352,Low,0,0,"New Joiners — Lower tenure, lower income"
988,2,21,0,3690.23,79.0,2024-12-03,0,1,0,0,0,0,0,0,1,0,0,0,0,0,0,0,0,0,0,3903.9773223673,-0.2556193790193145,Fair,0.2516859339810073,Low,0,0,"New Joiners — Lower tenure, lower income"
632,2,31,6,5946.66,86.0,2018-12-14,0,0,0,0,1,0,0,0,0,0,0,0,0,0,0,1,0,0,0,5421.552933879728,0.6279729760996198,Fair,0.1919311116940258,Low,1,1,"Tenured Employees — Higher tenure, higher income"
22,3,21,0,4710.62,80.0,2024-03-01,0,1,0,0,0,1,0,0,0,0,0,0,0,0,0,0,0,0,0,4743.859568601232,-0.0397510377702711,Fair,0.3095097979345846,Medium,0,0,"New Joiners — Lower tenure, lower income"
403,3,34,4,5705.92,61.0,2021-09-02,0,0,0,0,1,0,0,0,0,0,0,0,0,0,0,0,1,0,0,5634.495661543013,0.0854160175717532,Fair,0.1684747903433448,Low,0,1,"Tenured Employees — Higher tenure, higher income"
947,1,35,0,2825.53,70.0,2024-07-19,1,1,0,0,0,1,0,0,0,0,0,0,0,0,0,0,0,0,0,3044.496881518537,-0.2618614243194242,Fair,0.460769305238788,Medium,0,0,"New Joiners — Lower tenure, lower income"
84,3,32,3,5040.91,55.0,2021-04-17,0,0,0,0,0,0,0,0,0,0,0,0,0,0,0,0,0,1,0,5410.374545580793,-0.4418408458409945,Fair,0.2515276244987889,Low,0,0,"New Joiners — Lower tenure, lower income"
131,2,24,2,3311.35,84.0,2022-07-06,0,0,0,0,0,0,0,0,0,0,0,0,0,0,0,0,0,1,0,4380.294930482869,-1.278346022348476,Fair,0.2637837604696049,Low,0,0,"New Joiners — Lower tenure, lower income"
896,1,25,0,3103.09,63.0,2024-02-22,0,0,0,0,0,0,0,0,0,0,0,0,0,1,0,0,0,0,0,3113.77487980822,-0.0127779955848041,Fair,0.282526549127948,Low,0,0,"New Joiners — Lower tenure, lower income"
842,2,28,2,4749.14,76.0,2022-05-03,0,0,0,0,1,0,0,0,0,0,0,0,0,0,0,1,0,0,0,4519.817053262628,0.2742461921424955,Fair,0.3051944177948944,Medium,0,0,"New Joiners — Lower tenure, lower income"
742,2,34,8,6147.19,72.0,2016-03-19,0,1,0,0,0,0,0,1,0,0,0,0,0,0,0,0,0,0,0,5677.301909056179,0.5619368733388447,Fair,0.1180055701415861,Low,0,1,"Tenured Employees — Higher tenure, higher income"
698,1,47,4,3897.0,85.0,2020-06-26,0,0,0,0,0,0,0,0,0,0,0,0,0,0,0,0,0,1,0,3969.398459352189,-0.086580963993366,Fair,0.3330649415531962,Medium,0,0,"New Joiners — Lower tenure, lower income"
287,3,39,2,4395.54,75.0,2022-08-09,0,0,0,0,0,0,0,0,0,0,0,0,0,1,0,0,0,0,0,5237.65169823271,-1.00707726760313,Fair,0.1682508598812752,Low,0,0,"New Joiners — Lower tenure, lower income"
124,1,21,14,7318.722000000001,78.0,2010-07-12,0,1,0,0,0,0,0,1,0,0,0,0,0,0,0,0,0,0,0,6198.596644830248,1.3395524423003715,Fair,0.0505015667211367,Low,0,1,"Tenured Employees — Higher tenure, higher income"
34,2,26,5,4881.152,82.0,2019-09-24,0,0,0,0,0,0,0,0,0,0,0,0,0,0,0,0,0,1,0,5048.415782535502,-0.2000299407291555,Fair,0.2007301945640634,Low,0,0,"New Joiners — Lower tenure, lower income"
788,4,45,5,5324.86,58.0,2019-02-02,0,1,0,0,0,1,0,0,0,0,0,0,0,0,0,0,0,0,0,6661.394693505437,-1.5983553132167618,Fair,0.1792957896689218,Low,0,1,"Tenured Employees — Higher tenure, higher income"
517,2,21,7,7875.63,75.0,2012-04-18,0,1,0,0,0,0,0,1,0,0,0,0,0,0,0,0,0,0,0,5467.6893106743655,2.879644511583942,Underpaid,0.1362201012000157,Low,0,1,"Tenured Employees — Higher tenure, higher income"
924,3,41,2,4514.92,80.0,2022-07-17,0,0,0,0,0,0,0,0,0,0,0,0,0,0,0,0,0,0,1,5381.971937807925,-1.0369031783195894,Fair,0.1887887185471118,Low,0,0,"New Joiners — Lower tenure, lower income"
20,3,39,3,4054.798,73.0,2021-06-06,0,0,0,0,0,0,0,0,0,0,0,0,0,1,0,0,0,0,0,5459.775269404658,-1.680205455506626,Fair,0.1400851525057369,Low,0,0,"New Joiners — Lower tenure, lower income"
220,1,37,2,3399.7,69.8,2022-12-13,0,0,0,0,1,0,0,0,0,0,0,0,0,0,0,0,1,0,0,3513.8169937447174,-0.1364719555478197,Fair,0.2968341739507574,Low,1,0,"New Joiners — Lower tenure, lower income"
892,2,33,8,5863.48,68.0,2016-12-12,0,0,0,1,0,0,0,0,0,0,0,0,1,0,0,0,0,0,0,5700.514161701058,0.1948900502049542,Fair,0.1400869367911348,Low,1,1,"Tenured Employees — Higher tenure, higher income"
580,2,45,10,8202.95,78.0,2014-04-09,0,0,0,0,1,0,0,0,0,0,0,0,0,0,0,0,1,0,0,6144.058196375867,2.4622186536960915,Underpaid,0.1136492245547843,Low,0,1,"Tenured Employees — Higher tenure, higher income"
482,1,27,3,3901.29,74.0,2021-06-10,0,0,0,0,0,0,0,0,0,0,0,0,0,1,0,0,0,0,0,3793.39681899532,0.1290289282849704,Fair,0.1944487342045163,Low,1,0,"New Joiners — Lower tenure, lower income"
932,3,30,4,6808.08,71.0,2020-05-11,0,1,0,0,0,1,0,0,0,0,0,0,0,0,0,0,0,0,0,5623.420195508053,1.4167288751014602,Fair,0.2396514826470827,Low,0,1,"Tenured Employees — Higher tenure, higher income"
357,2,39,4,4573.44,59.0,2020-05-03,0,0,0,0,1,0,0,0,0,0,0,0,0,0,0,1,0,0,0,4942.725492196847,-0.4416267167735114,Fair,0.2723061286156797,Low,0,0,"New Joiners — Lower tenure, lower income"
662,3,25,0,5034.96,65.0,2024-07-23,1,0,0,0,1,0,0,0,0,0,0,0,0,0,0,1,0,0,0,4903.979959244041,0.1566383911206591,Fair,0.327970814994401,Medium,0,0,"New Joiners — Lower tenure, lower income"
225,2,29,5,5165.41,72.2,2019-06-17,0,0,0,1,0,0,1,0,0,0,0,0,0,0,0,0,0,0,0,5016.390344896457,0.1782118778254588,Fair,0.1165349130959653,Low,0,1,"Tenured Employees — Higher tenure, higher income"
760,3,21,4,4913.53,52.0,2020-03-12,0,0,0,0,0,0,0,0,0,0,0,0,0,1,0,0,0,0,0,5681.18747692132,-0.918037827921729,Fair,0.1089728787783563,Low,0,0,"New Joiners — Lower tenure, lower income"
93,3,21,7,6255.51,80.0,2017-05-14,0,0,0,0,1,0,0,0,0,0,0,0,0,0,0,1,0,0,0,6488.078543756804,-0.2781275857686962,Fair,0.1172639627222496,Low,0,1,"Tenured Employees — Higher tenure, higher income"
152,2,41,3,4783.74,68.0,2023-06-05,0,0,0,0,0,0,0,0,0,0,0,0,0,1,0,0,0,0,0,4614.565569624767,0.2023148751503569,Fair,0.1997451427126872,Low,0,0,"New Joiners — Lower tenure, lower income"
318,2,39,6,6436.15,64.0,2018-01-01,0,0,0,1,0,0,1,0,0,0,0,0,0,0,0,0,0,0,0,5224.085494681358,1.4495020229937756,Fair,0.1310097897240099,Low,0,1,"Tenured Employees — Higher tenure, higher income"
449,2,45,7,6655.89,75.0,2017-02-09,0,1,0,0,0,0,0,0,1,0,0,0,0,0,0,0,0,0,0,5446.22542061937,1.4466319632841491,Fair,0.1541503630915572,Low,0,1,"Tenured Employees — Higher tenure, higher income"
804,2,39,1,3560.78,78.0,2023-06-14,0,0,1,0,0,0,0,0,0,0,0,0,0,0,1,0,0,0,0,4322.501437651004,-0.9109389475460252,Fair,0.3606681079219037,Medium,0,0,"New Joiners — Lower tenure, lower income"
746,1,38,2,2928.28,75.0,2022-07-20,0,0,0,0,1,0,0,0,0,0,0,0,0,0,0,0,1,0,0,3517.523099846213,-0.7046729456347458,Fair,0.2852894305086201,Low,0,0,"New Joiners — Lower tenure, lower income"
523,2,29,6,6181.07,66.0,2018-09-01,0,0,0,0,0,0,0,0,0,0,0,0,0,0,0,0,0,1,0,5255.470581305763,1.1069198248045788,Fair,0.2106589010195964,Low,0,1,"Tenured Employees — Higher tenure, higher income"
280,2,23,1,3525.5200000000004,62.0,2023-11-09,0,0,0,0,0,0,0,0,0,0,0,0,0,0,0,0,0,1,0,4137.832911814965,-0.7322620211105602,Fair,0.3219517319082044,Medium,0,0,"New Joiners — Lower tenure, lower income"
584,1,33,3,3513.35,66.0,2021-09-17,0,1,0,0,0,0,0,0,1,0,0,0,0,0,0,0,0,0,0,3714.4256505596486,-0.2404653885845602,Fair,0.2423275291784296,Low,1,0,"New Joiners — Lower tenure, lower income"
765,2,22,0,4991.92,83.0,2024-06-06,0,0,0,0,1,0,0,0,0,0,0,0,0,0,0,0,0,0,0,3912.740549511037,1.2905854348451766,Fair,0.8496446568283564,High,1,0,"New Joiners — Lower tenure, lower income"
605,3,42,0,4470.08,58.0,2024-09-07,1,0,0,0,1,0,0,0,0,0,0,0,0,0,0,0,0,0,0,4711.734046430204,-0.2889928940482646,Fair,0.8556412655817739,High,1,0,"New Joiners — Lower tenure, lower income"
350,3,21,3,4757.2,63.0,2021-02-10,0,0,1,0,0,0,0,0,0,0,0,0,0,0,1,0,0,0,0,5612.112355645953,-1.0223855112937317,Fair,0.2088341897457344,Low,0,0,"New Joiners — Lower tenure, lower income"
928,4,40,0,5206.24,54.0,2024-02-20,0,0,1,0,0,0,0,0,0,0,0,0,0,0,1,0,0,0,0,5754.476457905008,-0.6556333027864211,Fair,0.3330118922841047,Medium,0,0,"New Joiners — Lower tenure, lower income"
375,2,34,3,4943.66,78.0,2021-06-05,0,1,0,0,0,0,0,1,0,0,0,0,0,0,0,0,0,0,0,4563.145257155071,0.4550557227873623,Fair,0.2267688728635524,Low,0,0,"New Joiners — Lower tenure, lower income"
401,2,38,4,4453.71,57.0,2020-11-17,0,0,0,0,1,0,0,0,0,0,0,0,0,0,0,0,0,0,0,4771.000991975974,-0.3794467478659217,Fair,0.7804942881791602,High,1,0,"New Joiners — Lower tenure, lower income"
705,2,27,1,3769.78,72.0,2023-12-06,0,0,1,0,0,0,0,0,0,0,1,0,0,0,0,0,0,0,0,4198.127444137279,-0.5122586166797874,Fair,0.2373906484736744,Low,0,0,"New Joiners — Lower tenure, lower income"
258,1,33,14,5020.07,67.0,2010-03-06,0,0,0,0,1,0,0,0,0,0,0,0,0,0,0,0,0,0,0,6184.251770543623,-1.392239294303756,Fair,0.4101058653680258,Medium,0,1,"Tenured Employees — Higher tenure, higher income"
945,3,35,9,8021.58,76.0,2015-11-15,0,1,0,0,0,0,0,1,0,0,0,0,0,0,0,0,0,0,0,6742.836892761487,1.5292426374158126,Fair,0.0914903450461333,Low,0,1,"Tenured Employees — Higher tenure, higher income"
852,3,34,3,6135.66,71.0,2021-01-27,0,0,0,0,1,0,0,0,0,0,0,0,0,0,0,0,0,0,0,5402.068671160907,0.8772982877866007,Fair,0.7727128562569913,High,1,1,"Tenured Employees — Higher tenure, higher income"
73,2,32,3,5025.16,59.0,2021-01-20,0,0,0,0,0,0,0,0,0,0,0,0,0,0,0,0,0,0,1,4756.337639330376,0.3214833483752123,Fair,0.2063424564394365,Low,0,0,"New Joiners — Lower tenure, lower income"
196,3,28,0,4427.1,74.0,2024-09-19,0,0,0,0,1,0,0,0,0,0,0,0,0,0,0,1,0,0,0,4909.259264080261,-0.5766119093684666,Fair,0.3159420095704436,Medium,0,0,"New Joiners — Lower tenure, lower income"
484,1,44,0,2997.92,76.0,2024-11-06,0,0,0,0,0,0,0,0,0,0,0,0,0,1,0,0,0,0,0,3108.2837206491504,-0.13198343458132,Fair,0.3306775130148166,Medium,1,0,"New Joiners — Lower tenure, lower income"
856,2,39,3,4145.64,75.0,2021-05-18,0,0,0,1,0,0,0,0,0,0,0,0,1,0,0,0,0,0,0,4581.876236296543,-0.5216927846994375,Fair,0.2693674250363945,Low,0,0,"New Joiners — Lower tenure, lower income"
495,2,49,4,5098.93,55.0,2020-05-17,1,0,0,0,1,0,0,0,0,0,0,0,0,0,0,0,1,0,0,4776.77498897299,0.3852636044964226,Fair,0.2474795504343915,Low,0,0,"New Joiners — Lower tenure, lower income"
773,2,46,1,2785.95,82.0,2023-11-09,0,0,0,0,0,0,0,0,0,0,0,0,0,1,0,0,0,0,0,4174.693773622853,-1.6607918971747606,Fair,0.2302757618337703,Low,0,0,"New Joiners — Lower tenure, lower income"
463,2,30,1,3362.98,89.0,2023-03-22,0,0,0,0,1,0,0,0,0,0,0,0,0,0,0,0,1,0,0,4152.168094040311,-0.9437861877931182,Fair,0.2389343148440769,Low,0,0,"New Joiners — Lower tenure, lower income"
202,2,25,12,6307.28,73.0,2012-07-17,0,0,1,0,0,0,0,0,0,0,1,0,0,0,0,0,0,0,0,6663.623461771183,-0.4261494057877278,Fair,0.0478113119533115,Low,0,1,"Tenured Employees — Higher tenure, higher income"
313,2,21,17,5911.558,100.0,2007-04-13,0,0,0,0,1,0,0,0,0,0,0,0,0,0,0,0,0,0,0,7734.855237713955,-2.1804722628112523,Overpaid,0.1915334211978899,Low,0,1,"Tenured Employees — Higher tenure, higher income"
291,2,46,3,3071.45,87.0,2021-12-21,0,0,1,0,0,0,0,0,0,1,0,0,0,0,0,0,0,0,0,4642.191621384165,-1.878442234556089,Fair,0.2490245658308555,Low,0,0,"New Joiners — Lower tenure, lower income"
764,3,38,5,5808.31,69.0,2019-10-27,0,0,0,1,0,0,0,0,0,0,0,1,0,0,0,0,0,0,0,5844.507896516322,-0.0432888876774207,Fair,0.1414701990230936,Low,0,1,"Tenured Employees — Higher tenure, higher income"
950,2,37,2,3542.1799999999994,68.0,2023-12-06,0,0,0,1,0,0,0,0,0,0,0,0,1,0,0,0,0,0,0,4353.5790315360855,-0.9703481394808712,Fair,0.2935278114054477,Low,0,0,"New Joiners — Lower tenure, lower income"
184,2,38,9,5746.19,67.0,2015-05-16,0,0,0,0,1,0,0,0,0,0,0,0,0,0,0,0,1,0,0,5916.693839335492,-0.2039047088339817,Fair,0.1002307460149529,Low,0,1,"Tenured Employees — Higher tenure, higher income"
251,1,32,3,4793.104,100.0,2021-06-05,0,0,0,0,1,0,0,0,0,0,0,0,0,0,0,0,0,0,0,3751.51850551828,1.2456270064399892,Fair,0.822195988108191,High,1,0,"New Joiners — Lower tenure, lower income"
941,2,23,0,3914.39,68.0,2024-02-18,0,1,0,0,0,0,0,1,0,0,0,0,0,0,0,0,0,0,0,3892.456975748936,0.0262295965955465,Fair,0.2884355261695952,Low,0,0,"New Joiners — Lower tenure, lower income"
392,3,47,0,6458.62,54.0,2024-02-13,0,0,0,0,0,0,0,0,0,0,0,0,0,0,0,0,0,0,1,4905.817852639972,1.856988505175082,Fair,0.336231435355164,Medium,0,0,"New Joiners — Lower tenure, lower income"
905,1,21,0,2647.39,61.0,2024-11-16,1,0,0,0,0,0,0,0,0,0,0,0,0,0,0,0,0,1,0,3075.846353892981,-0.5123888613247891,Fair,0.4060640755632013,Medium,0,0,"New Joiners — Lower tenure, lower income"
731,1,30,1,3591.59,58.0,2023-03-12,1,0,0,0,1,0,0,0,0,0,0,0,0,0,0,1,0,0,0,3439.213297155635,0.1822265548251198,Fair,0.4107509236493649,Medium,1,0,"New Joiners — Lower tenure, lower income"
555,3,38,0,4563.14,83.0,2024-05-18,1,0,0,0,0,0,0,0,0,0,0,0,0,0,0,0,0,0,1,4939.523082710562,-0.450114690608952,Fair,0.2432628268828179,Low,0,0,"New Joiners — Lower tenure, lower income"
367,1,27,2,4664.63,44.0,2022-01-18,0,0,0,0,1,0,0,0,0,0,0,0,0,0,0,0,0,0,0,3482.5540355078547,1.413638873463454,Fair,0.8639094811534153,High,1,0,"New Joiners — Lower tenure, lower income"
536,3,41,8,5712.69,81.0,2016-01-17,0,0,0,0,1,0,0,0,0,0,0,0,0,0,0,0,1,0,0,6541.501217254385,-0.9911712873518526,Fair,0.0896477693229227,Low,0,1,"Tenured Employees — Higher tenure, higher income"
920,2,33,11,7315.0,58.0,2013-04-10,0,0,0,0,0,0,0,0,0,0,0,0,0,0,0,0,0,1,0,6364.280520177019,1.1369607832387751,Fair,0.1146004537239038,Low,0,1,"Tenured Employees — Higher tenure, higher income"
212,2,35,4,4821.96,56.0,2020-05-12,0,0,0,1,0,0,1,0,0,0,0,0,0,0,0,0,0,0,0,4772.799279222505,0.0587910659095476,Fair,0.1518199656286212,Low,0,0,"New Joiners — Lower tenure, lower income"
538,2,31,3,4262.34,64.0,2021-12-11,0,1,0,0,0,0,0,0,1,0,0,0,0,0,0,0,0,0,0,4553.442457267132,-0.3481280070950008,Fair,0.2010176640834828,Low,0,0,"New Joiners — Lower tenure, lower income"
